<metadata xml:lang="fr"><Esri><CreaDate>20240702</CreaDate><CreaTime>14221100</CreaTime><ArcGISFormat>1.0</ArcGISFormat><SyncOnce>FALSE</SyncOnce><DataProperties><lineage><Process ToolSource="c:\program files\arcgis\pro\Resources\ArcToolbox\toolboxes\Data Management Tools.tbx\Project" Date="20231122" Time="200643">Project points-dinjection-de-biomethane-en-france "D:\Thèse\Donnée géoréférencée installations HdF\Projet SIG\Installations_Energie_HdF\Installations_Energie_HdF.gdb\biomethane_injection_L93" PROJCS["RGF_1993_Lambert_93",GEOGCS["GCS_RGF_1993",DATUM["D_RGF_1993",SPHEROID["GRS_1980",6378137.0,298.257222101]],PRIMEM["Greenwich",0.0],UNIT["Degree",0.0174532925199433]],PROJECTION["Lambert_Conformal_Conic"],PARAMETER["False_Easting",700000.0],PARAMETER["False_Northing",6600000.0],PARAMETER["Central_Meridian",3.0],PARAMETER["Standard_Parallel_1",44.0],PARAMETER["Standard_Parallel_2",49.0],PARAMETER["Latitude_Of_Origin",46.5],UNIT["Meter",1.0]] RGF_1993_To_WGS_1984_1 GEOGCS["GCS_WGS_1984",DATUM["D_WGS_1984",SPHEROID["WGS_1984",6378137.0,298.257223563]],PRIMEM["Greenwich",0.0],UNIT["Degree",0.0174532925199433]] NO_PRESERVE_SHAPE # NO_VERTICAL</Process><Process ToolSource="c:\program files\arcgis\pro\Resources\ArcToolbox\toolboxes\Data Management Tools.tbx\CopyFeatures" Date="20231122" Time="200759">CopyFeatures biomethane_injection_L93 "D:\Thèse\Donnée géoréférencée installations HdF\Projet SIG\Installations_Energie_HdF\Installations_Energie_HdF.gdb\biomethane_injection_Oise" # # # #</Process><Process ToolSource="c:\program files\arcgis\pro\Resources\ArcToolbox\toolboxes\Data Management Tools.tbx\JoinField" Date="20231122" Time="205517">JoinField biomethane_injection_Oise OBJECTID biomethane_distance_A IN_FID #</Process><Process ToolSource="c:\program files\arcgis\pro\Resources\ArcToolbox\toolboxes\Data Management Tools.tbx\JoinField" Date="20231122" Time="205545">JoinField biomethane_injection_Oise OBJECTID biomethane_distance_A IN_FID #</Process><Process ToolSource="c:\program files\arcgis\pro\Resources\ArcToolbox\toolboxes\Data Management Tools.tbx\DeleteField" Date="20231122" Time="205603">DeleteField biomethane_injection_Oise IN_FID "Delete Fields"</Process><Process ToolSource="c:\program files\arcgis\pro\Resources\ArcToolbox\toolboxes\Data Management Tools.tbx\DeleteField" Date="20231122" Time="205609">DeleteField biomethane_injection_Oise NEAR_FID "Delete Fields"</Process><Process ToolSource="c:\program files\arcgis\pro\Resources\ArcToolbox\toolboxes\Data Management Tools.tbx\DeleteField" Date="20231122" Time="205616">DeleteField biomethane_injection_Oise NEAR_DIST "Delete Fields"</Process><Process ToolSource="c:\program files\arcgis\pro\Resources\ArcToolbox\toolboxes\Data Management Tools.tbx\DeleteField" Date="20231122" Time="205624">DeleteField biomethane_injection_Oise NEAR_FID_1 "Delete Fields"</Process><Process ToolSource="c:\program files\arcgis\pro\Resources\ArcToolbox\toolboxes\Data Management Tools.tbx\DeleteField" Date="20231122" Time="205629">DeleteField biomethane_injection_Oise IN_FID_1 "Delete Fields"</Process><Process ToolSource="c:\program files\arcgis\pro\Resources\ArcToolbox\toolboxes\Data Management Tools.tbx\DeleteField" Date="20240701" Time="130154">DeleteField biomethane_injection_Oise annee_mes "Delete Fields"</Process><Process ToolSource="c:\program files\arcgis\pro\Resources\ArcToolbox\toolboxes\Data Management Tools.tbx\DeleteField" Date="20240701" Time="130208">DeleteField biomethane_injection_Oise code_epci "Delete Fields"</Process><Process ToolSource="c:\program files\arcgis\pro\Resources\ArcToolbox\toolboxes\Data Management Tools.tbx\DeleteField" Date="20240701" Time="130212">DeleteField biomethane_injection_Oise nom_epci "Delete Fields"</Process><Process ToolSource="c:\program files\arcgis\pro\Resources\ArcToolbox\toolboxes\Data Management Tools.tbx\DeleteField" Date="20240701" Time="130217">DeleteField biomethane_injection_Oise region "Delete Fields"</Process><Process ToolSource="c:\program files\arcgis\pro\Resources\ArcToolbox\toolboxes\Data Management Tools.tbx\DeleteField" Date="20240701" Time="130222">DeleteField biomethane_injection_Oise date_de_me "Delete Fields"</Process><Process ToolSource="c:\program files\arcgis\pro\Resources\ArcToolbox\toolboxes\Data Management Tools.tbx\DeleteField" Date="20240701" Time="130243">DeleteField biomethane_injection_Oise grx_demand "Delete Fields"</Process><Process ToolSource="c:\program files\arcgis\pro\Resources\ArcToolbox\toolboxes\Data Management Tools.tbx\DeleteField" Date="20240701" Time="130321">DeleteField biomethane_injection_Oise NEAR_DIST_1 "Delete Fields"</Process><Process ToolSource="c:\program files\arcgis\pro\Resources\ArcToolbox\toolboxes\Data Management Tools.tbx\DeleteField" Date="20240701" Time="130342">DeleteField biomethane_injection_Oise date_de_fe "Delete Fields"</Process><Process ToolSource="c:\program files\arcgis\pro\Resources\ArcToolbox\toolboxes\Data Management Tools.tbx\DeleteField" Date="20240701" Time="130346">DeleteField biomethane_injection_Oise site_ouver "Delete Fields"</Process><Process ToolSource="c:\program files\arcgis\pro\Resources\ArcToolbox\toolboxes\Data Management Tools.tbx\DeleteField" Date="20240701" Time="130350">DeleteField biomethane_injection_Oise augmentati "Delete Fields"</Process><Process ToolSource="c:\program files\arcgis\pro\Resources\ArcToolbox\toolboxes\Data Management Tools.tbx\DeleteField" Date="20240701" Time="130355">DeleteField biomethane_injection_Oise code_reg "Delete Fields"</Process><Process ToolSource="c:\program files\arcgis\pro\Resources\ArcToolbox\toolboxes\Data Management Tools.tbx\DeleteField" Date="20240701" Time="130359">DeleteField biomethane_injection_Oise ndeg_de_pi "Delete Fields"</Process><Process ToolSource="c:\program files\arcgis\pro\Resources\ArcToolbox\toolboxes\Conversion Tools.tbx\FeatureClassToFeatureClass" Date="20240701" Time="130649">FeatureClassToFeatureClass biomethane_injection_Oise E:\Methode\LBR Installations_Biomethane_LBR.shp # "nom_du_pro "nom_du_pro" true true false 255 Text 0 0,First,#,biomethane_injection_Oise,nom_du_pro,0,255;site "site" true true false 255 Text 0 0,First,#,biomethane_injection_Oise,site,0,255;commune "commune" true true false 255 Text 0 0,First,#,biomethane_injection_Oise,commune,0,255;departemen "departemen" true true false 255 Text 0 0,First,#,biomethane_injection_Oise,departemen,0,255;type_de_re "type_de_re" true true false 255 Text 0 0,First,#,biomethane_injection_Oise,type_de_re,0,255;capacite_d "Capacité de production (GWh/an)" true true false 8 Double 0 0,First,#,biomethane_injection_Oise,capacite_d,-1,-1;gestionnai "gestionnai" true true false 255 Text 0 0,First,#,biomethane_injection_Oise,gestionnai,0,255;code_dep "code_dep" true true false 255 Text 0 0,First,#,biomethane_injection_Oise,code_dep,0,255;id_unique_ "id_unique_" true true false 255 Text 0 0,First,#,biomethane_injection_Oise,id_unique_,0,255;code_commu "code_commu" true true false 255 Text 0 0,First,#,biomethane_injection_Oise,code_commu,0,255" #</Process><Process ToolSource="c:\program files\arcgis\pro\Resources\ArcToolbox\toolboxes\Analysis Tools.tbx\Intersect" Date="20240701" Time="132246">Intersect "Finale\Installations\Installations_Biomethane_LBR #;Finale\Reduced\Grille_Beauvais_Reduced #" D:\BENO_RODRIGUE_Louis_4A\BVS_Energie\BVS_Energie.gdb\Installations_Biomethane_LBR_Grille "All attributes" # "Same as input"</Process><Process ToolSource="c:\program files\arcgis\pro\Resources\ArcToolbox\toolboxes\Data Management Tools.tbx\DeleteField" Date="20240701" Time="132506">DeleteField Finale\Installations\Installations_Biomethane_LBR_Grille Residentielles_Surfaces;Residentielles_Toitures;Res_Toitures_Percents;Commerciales_Surfaces;Commerciales_Toitures;Com_Toitures_Percents;Industrielles_Surfaces;Industrielles_Toitures;Ind_Toitures_Percents;Ecoles_Surfaces;Ecoles_Toitures;Ecoles_Toitures_Percents;Toitures_Totale;Surfaces_Totale;Toitures_Totale_Percent;Res_Surfaces_Percents;Ind_Surfaces_Percents;Ecoles_Surfaces_Percents;Surfaces_Totale_Percent;Com_Surfaces_Percents;Routes;Agricoles_Surfaces;Toitures_Agricoles;Agri_Toitures_Percents;Paturages_Surfaces;Toitures_Paturages;Pat_Toitures_Percents;Agri_Surfaces_Percents;Pat_Surfaces_Percents;Surfaces_Forets;Surfaces_Forets_Percents;Surfaces_Eau;Surfaces_Eau_Percent;Foret_Sup_80;Eau_Sup_50;Aeroport "Delete Fields"</Process><Process ToolSource="c:\program files\arcgis\pro\Resources\ArcToolbox\toolboxes\Data Management Tools.tbx\CopyMultiple" Date="20240702" Time="142212">CopyMultiple "D:\BENO_RODRIGUE_Louis_4A\BVS_Energie\BVS_Energie.gdb\Installations_Biomethane_LBR_Grille FeatureClass;D:\BENO_RODRIGUE_Louis_4A\BVS_Energie\BVS_Energie.gdb\Installations_Electriques_LBR_Grille FeatureClass" D:\BENO_RODRIGUE_Louis_4A\BVS_Energie\BVS_Energie_PY.gdb Installations_Biomethane_LBR_Grille;Installations_Electriques_LBR_Grille "Installations_Biomethane_LBR_Grille FeatureClass Installations_Biomethane_LBR_Grille #;Installations_Electriques_LBR_Grille FeatureClass Installations_Electriques_LBR_Grille #"</Process><Process ToolSource="c:\program files\arcgis\pro\Resources\ArcToolbox\toolboxes\Data Management Tools.tbx\CopyFeatures" Date="20240702" Time="161946">CopyFeatures D:\BENO_RODRIGUE_Louis_4A\BVS_Energie\BVS_Energie_PY.gdb\Installations_Biomethane_LBR_Grille D:\BENO_RODRIGUE_Louis_4A\Python\BVS_Energie_PY\Installations_Biomethane_LBR_Grille.shp # # # #</Process></lineage><itemProps><itemName Sync="TRUE">Installations_Biomethane_LBR_Grille</itemName><imsContentType Sync="TRUE">002</imsContentType><itemLocation><linkage Sync="TRUE">file://\\GEOLAB-0019\D$\BENO_RODRIGUE_Louis_4A\Python\BVS_Energie_PY\Installations_Biomethane_LBR_Grille.shp</linkage><protocol Sync="TRUE">Local Area Network</protocol></itemLocation><itemSize Sync="TRUE">0.000</itemSize></itemProps><coordRef><type Sync="TRUE">Projected</type><geogcsn Sync="TRUE">GCS_RGF_1993</geogcsn><csUnits Sync="TRUE">Linear Unit: Meter (1.000000)</csUnits><projcsn Sync="TRUE">RGF_1993_Lambert_93</projcsn><peXml Sync="TRUE">&lt;ProjectedCoordinateSystem xsi:type='typens:ProjectedCoordinateSystem' xmlns:xsi='http://www.w3.org/2001/XMLSchema-instance' xmlns:xs='http://www.w3.org/2001/XMLSchema' xmlns:typens='http://www.esri.com/schemas/ArcGIS/2.9.0'&gt;&lt;WKT&gt;PROJCS[&amp;quot;RGF_1993_Lambert_93&amp;quot;,GEOGCS[&amp;quot;GCS_RGF_1993&amp;quot;,DATUM[&amp;quot;D_RGF_1993&amp;quot;,SPHEROID[&amp;quot;GRS_1980&amp;quot;,6378137.0,298.257222101]],PRIMEM[&amp;quot;Greenwich&amp;quot;,0.0],UNIT[&amp;quot;Degree&amp;quot;,0.0174532925199433]],PROJECTION[&amp;quot;Lambert_Conformal_Conic&amp;quot;],PARAMETER[&amp;quot;False_Easting&amp;quot;,700000.0],PARAMETER[&amp;quot;False_Northing&amp;quot;,6600000.0],PARAMETER[&amp;quot;Central_Meridian&amp;quot;,3.0],PARAMETER[&amp;quot;Standard_Parallel_1&amp;quot;,44.0],PARAMETER[&amp;quot;Standard_Parallel_2&amp;quot;,49.0],PARAMETER[&amp;quot;Latitude_Of_Origin&amp;quot;,46.5],UNIT[&amp;quot;Meter&amp;quot;,1.0],AUTHORITY[&amp;quot;EPSG&amp;quot;,2154]]&lt;/WKT&gt;&lt;XOrigin&gt;-35597500&lt;/XOrigin&gt;&lt;YOrigin&gt;-23641900&lt;/YOrigin&gt;&lt;XYScale&gt;124074650.52332792&lt;/XYScale&gt;&lt;ZOrigin&gt;-100000&lt;/ZOrigin&gt;&lt;ZScale&gt;10000&lt;/ZScale&gt;&lt;MOrigin&gt;-100000&lt;/MOrigin&gt;&lt;MScale&gt;10000&lt;/MScale&gt;&lt;XYTolerance&gt;0.001&lt;/XYTolerance&gt;&lt;ZTolerance&gt;0.001&lt;/ZTolerance&gt;&lt;MTolerance&gt;0.001&lt;/MTolerance&gt;&lt;HighPrecision&gt;true&lt;/HighPrecision&gt;&lt;WKID&gt;102110&lt;/WKID&gt;&lt;LatestWKID&gt;2154&lt;/LatestWKID&gt;&lt;/ProjectedCoordinateSystem&gt;</peXml></coordRef></DataProperties><SyncDate>20240702</SyncDate><SyncTime>16194600</SyncTime><ModDate>20240702</ModDate><ModTime>16194600</ModTime></Esri><dataIdInfo><envirDesc Sync="TRUE">Microsoft Windows 10 Version 10.0 (Build 19045) ; Esri ArcGIS 12.9.4.32739</envirDesc><dataLang><languageCode value="fra" Sync="TRUE"></languageCode><countryCode value="FRA" Sync="TRUE"></countryCode></dataLang><idCitation><resTitle Sync="TRUE">Installations_Biomethane_LBR_Grille</resTitle><presForm><PresFormCd value="005" Sync="TRUE"></PresFormCd></presForm></idCitation><spatRpType><SpatRepTypCd value="001" Sync="TRUE"></SpatRepTypCd></spatRpType></dataIdInfo><mdLang><languageCode value="fra" Sync="TRUE"></languageCode><countryCode value="FRA" Sync="TRUE"></countryCode></mdLang><distInfo><distFormat><formatName Sync="TRUE">Shapefile</formatName></distFormat><distTranOps><transSize Sync="TRUE">0.000</transSize></distTranOps></distInfo><mdHrLv><ScopeCd value="005" Sync="TRUE"></ScopeCd></mdHrLv><mdHrLvName Sync="TRUE">dataset</mdHrLvName><refSysInfo><RefSystem><refSysID><identCode code="2154" Sync="TRUE"></identCode><idCodeSpace Sync="TRUE">EPSG</idCodeSpace><idVersion Sync="TRUE">6.7(9.0.0)</idVersion></refSysID></RefSystem></refSysInfo><spatRepInfo><VectSpatRep><geometObjs Name="Installations_Biomethane_LBR_Grille"><geoObjTyp><GeoObjTypCd value="004" Sync="TRUE"></GeoObjTypCd></geoObjTyp><geoObjCnt Sync="TRUE">0</geoObjCnt></geometObjs><topLvl><TopoLevCd value="001" Sync="TRUE"></TopoLevCd></topLvl></VectSpatRep></spatRepInfo><spdoinfo><ptvctinf><esriterm Name="Installations_Biomethane_LBR_Grille"><efeatyp Sync="TRUE">Simple</efeatyp><efeageom code="1" Sync="TRUE"></efeageom><esritopo Sync="TRUE">FALSE</esritopo><efeacnt Sync="TRUE">0</efeacnt><spindex Sync="TRUE">FALSE</spindex><linrefer Sync="TRUE">FALSE</linrefer></esriterm></ptvctinf></spdoinfo><eainfo><detailed Name="Installations_Biomethane_LBR_Grille"><enttyp><enttypl Sync="TRUE">Installations_Biomethane_LBR_Grille</enttypl><enttypt Sync="TRUE">Feature Class</enttypt><enttypc Sync="TRUE">0</enttypc></enttyp><attr><attrlabl Sync="TRUE">FID</attrlabl><attalias Sync="TRUE">FID</attalias><attrtype Sync="TRUE">OID</attrtype><attwidth Sync="TRUE">4</attwidth><atprecis Sync="TRUE">0</atprecis><attscale Sync="TRUE">0</attscale><attrdef Sync="TRUE">Internal feature number.</attrdef><attrdefs Sync="TRUE">Esri</attrdefs><attrdomv><udom Sync="TRUE">Sequential unique whole numbers that are automatically generated.</udom></attrdomv></attr><attr><attrlabl Sync="TRUE">Shape</attrlabl><attalias Sync="TRUE">Shape</attalias><attrtype Sync="TRUE">Geometry</attrtype><attwidth Sync="TRUE">0</attwidth><atprecis Sync="TRUE">0</atprecis><attscale Sync="TRUE">0</attscale><attrdef Sync="TRUE">Feature geometry.</attrdef><attrdefs Sync="TRUE">Esri</attrdefs><attrdomv><udom Sync="TRUE">Coordinates defining the features.</udom></attrdomv></attr><attr><attrlabl Sync="TRUE">FID_Instal</attrlabl><attalias Sync="TRUE">FID_Instal</attalias><attrtype Sync="TRUE">Integer</attrtype><attwidth Sync="TRUE">10</attwidth><atprecis Sync="TRUE">10</atprecis><attscale Sync="TRUE">0</attscale></attr><attr><attrlabl Sync="TRUE">nom_du_pro</attrlabl><attalias Sync="TRUE">nom_du_pro</attalias><attrtype Sync="TRUE">String</attrtype><attwidth Sync="TRUE">254</attwidth><atprecis Sync="TRUE">0</atprecis><attscale Sync="TRUE">0</attscale></attr><attr><attrlabl Sync="TRUE">site</attrlabl><attalias Sync="TRUE">site</attalias><attrtype Sync="TRUE">String</attrtype><attwidth Sync="TRUE">254</attwidth><atprecis Sync="TRUE">0</atprecis><attscale Sync="TRUE">0</attscale></attr><attr><attrlabl Sync="TRUE">commune</attrlabl><attalias Sync="TRUE">commune</attalias><attrtype Sync="TRUE">String</attrtype><attwidth Sync="TRUE">254</attwidth><atprecis Sync="TRUE">0</atprecis><attscale Sync="TRUE">0</attscale></attr><attr><attrlabl Sync="TRUE">departemen</attrlabl><attalias Sync="TRUE">departemen</attalias><attrtype Sync="TRUE">String</attrtype><attwidth Sync="TRUE">254</attwidth><atprecis Sync="TRUE">0</atprecis><attscale Sync="TRUE">0</attscale></attr><attr><attrlabl Sync="TRUE">type_de_re</attrlabl><attalias Sync="TRUE">type_de_re</attalias><attrtype Sync="TRUE">String</attrtype><attwidth Sync="TRUE">254</attwidth><atprecis Sync="TRUE">0</atprecis><attscale Sync="TRUE">0</attscale></attr><attr><attrlabl Sync="TRUE">capacite_d</attrlabl><attalias Sync="TRUE">capacite_d</attalias><attrtype Sync="TRUE">Double</attrtype><attwidth Sync="TRUE">19</attwidth><atprecis Sync="TRUE">0</atprecis><attscale Sync="TRUE">0</attscale></attr><attr><attrlabl Sync="TRUE">gestionnai</attrlabl><attalias Sync="TRUE">gestionnai</attalias><attrtype Sync="TRUE">String</attrtype><attwidth Sync="TRUE">254</attwidth><atprecis Sync="TRUE">0</atprecis><attscale Sync="TRUE">0</attscale></attr><attr><attrlabl Sync="TRUE">code_dep</attrlabl><attalias Sync="TRUE">code_dep</attalias><attrtype Sync="TRUE">String</attrtype><attwidth Sync="TRUE">254</attwidth><atprecis Sync="TRUE">0</atprecis><attscale Sync="TRUE">0</attscale></attr><attr><attrlabl Sync="TRUE">id_unique_</attrlabl><attalias Sync="TRUE">id_unique_</attalias><attrtype Sync="TRUE">String</attrtype><attwidth Sync="TRUE">254</attwidth><atprecis Sync="TRUE">0</atprecis><attscale Sync="TRUE">0</attscale></attr><attr><attrlabl Sync="TRUE">code_commu</attrlabl><attalias Sync="TRUE">code_commu</attalias><attrtype Sync="TRUE">String</attrtype><attwidth Sync="TRUE">254</attwidth><atprecis Sync="TRUE">0</atprecis><attscale Sync="TRUE">0</attscale></attr><attr><attrlabl Sync="TRUE">FID_Grille</attrlabl><attalias Sync="TRUE">FID_Grille</attalias><attrtype Sync="TRUE">Integer</attrtype><attwidth Sync="TRUE">10</attwidth><atprecis Sync="TRUE">10</atprecis><attscale Sync="TRUE">0</attscale></attr><attr><attrlabl Sync="TRUE">PageName</attrlabl><attalias Sync="TRUE">PageName</attalias><attrtype Sync="TRUE">String</attrtype><attwidth Sync="TRUE">254</attwidth><atprecis Sync="TRUE">0</atprecis><attscale Sync="TRUE">0</attscale></attr></detailed></eainfo><mdDateSt Sync="TRUE">20240702</mdDateSt></metadata>
