<metadata xml:lang="fr"><Esri><CreaDate>20240702</CreaDate><CreaTime>14193800</CreaTime><ArcGISFormat>1.0</ArcGISFormat><SyncOnce>FALSE</SyncOnce><DataProperties><itemProps><itemName Sync="TRUE">OSM_Surfaces_2_Grille_Erase1</itemName><imsContentType Sync="TRUE">002</imsContentType><itemLocation><linkage Sync="TRUE">file://\\GEOLAB-0019\D$\BENO_RODRIGUE_Louis_4A\Python\BVS_Energie_PY\OSM_Surfaces_2_Grille_Erase1.shp</linkage><protocol Sync="TRUE">Local Area Network</protocol></itemLocation><itemSize Sync="TRUE">0.000</itemSize></itemProps><coordRef><type Sync="TRUE">Projected</type><geogcsn Sync="TRUE">GCS_WGS_1984</geogcsn><csUnits Sync="TRUE">Linear Unit: Meter (1.000000)</csUnits><peXml Sync="TRUE">&lt;ProjectedCoordinateSystem xsi:type='typens:ProjectedCoordinateSystem' xmlns:xsi='http://www.w3.org/2001/XMLSchema-instance' xmlns:xs='http://www.w3.org/2001/XMLSchema' xmlns:typens='http://www.esri.com/schemas/ArcGIS/2.9.0'&gt;&lt;WKT&gt;PROJCS[&amp;quot;WGS_1984_Web_Mercator_Auxiliary_Sphere&amp;quot;,GEOGCS[&amp;quot;GCS_WGS_1984&amp;quot;,DATUM[&amp;quot;D_WGS_1984&amp;quot;,SPHEROID[&amp;quot;WGS_1984&amp;quot;,6378137.0,298.257223563]],PRIMEM[&amp;quot;Greenwich&amp;quot;,0.0],UNIT[&amp;quot;Degree&amp;quot;,0.0174532925199433]],PROJECTION[&amp;quot;Mercator_Auxiliary_Sphere&amp;quot;],PARAMETER[&amp;quot;False_Easting&amp;quot;,0.0],PARAMETER[&amp;quot;False_Northing&amp;quot;,0.0],PARAMETER[&amp;quot;Central_Meridian&amp;quot;,0.0],PARAMETER[&amp;quot;Standard_Parallel_1&amp;quot;,0.0],PARAMETER[&amp;quot;Auxiliary_Sphere_Type&amp;quot;,0.0],UNIT[&amp;quot;Meter&amp;quot;,1.0],AUTHORITY[&amp;quot;EPSG&amp;quot;,3857]]&lt;/WKT&gt;&lt;XOrigin&gt;-20037700&lt;/XOrigin&gt;&lt;YOrigin&gt;-30241100&lt;/YOrigin&gt;&lt;XYScale&gt;148923141.92838538&lt;/XYScale&gt;&lt;ZOrigin&gt;-100000&lt;/ZOrigin&gt;&lt;ZScale&gt;10000&lt;/ZScale&gt;&lt;MOrigin&gt;-100000&lt;/MOrigin&gt;&lt;MScale&gt;10000&lt;/MScale&gt;&lt;XYTolerance&gt;0.001&lt;/XYTolerance&gt;&lt;ZTolerance&gt;0.001&lt;/ZTolerance&gt;&lt;MTolerance&gt;0.001&lt;/MTolerance&gt;&lt;HighPrecision&gt;true&lt;/HighPrecision&gt;&lt;WKID&gt;102100&lt;/WKID&gt;&lt;LatestWKID&gt;3857&lt;/LatestWKID&gt;&lt;/ProjectedCoordinateSystem&gt;</peXml><projcsn Sync="TRUE">WGS_1984_Web_Mercator_Auxiliary_Sphere</projcsn></coordRef><lineage><Process ToolSource="c:\program files\arcgis\pro\Resources\ArcToolbox\toolboxes\Data Management Tools.tbx\CopyFeatures" Date="20240620" Time="112940">CopyFeatures landuse D:\BENO_RODRIGUE_Louis_4A\BVS_Energie\BVS_Energie.gdb\OSM_Ecole1 # # # #</Process><Process ToolSource="c:\program files\arcgis\pro\Resources\ArcToolbox\toolboxes\Data Management Tools.tbx\Merge" Date="20240620" Time="113410">Merge OSM_Ecole1;BVS\Zones_Tertiaires\Ecoles_Hopitaux_Dissolve_Erase D:\BENO_RODRIGUE_Louis_4A\BVS_Energie\BVS_Energie.gdb\OSM_Ecole2 "osm_id "osm_id" true true false 80 Text 0 0,First,#,OSM_Ecole1,osm_id,0,80;name "name" true true false 80 Text 0 0,First,#,OSM_Ecole1,name,0,80;type "type" true true false 80 Text 0 0,First,#,OSM_Ecole1,type,0,80;Shape_Length "Shape_Length" false true true 8 Double 0 0,First,#,OSM_Ecole1,Shape_Length,-1,-1,BVS\Zones_Tertiaires\Ecoles_Hopitaux_Dissolve_Erase,Shape_Length,-1,-1;Shape_Area "Shape_Area" false true true 8 Double 0 0,First,#,OSM_Ecole1,Shape_Area,-1,-1,BVS\Zones_Tertiaires\Ecoles_Hopitaux_Dissolve_Erase,Shape_Area,-1,-1;class "class" true true false 254 Text 0 0,First,#,BVS\Zones_Tertiaires\Ecoles_Hopitaux_Dissolve_Erase,class,0,254" NO_SOURCE_INFO</Process><Process ToolSource="c:\program files\arcgis\pro\Resources\ArcToolbox\toolboxes\Analysis Tools.tbx\Erase" Date="20240620" Time="113902">Erase OSM\Tertiaire\OSM_Ecole2 OSM\Tertiaire\OSM_cimetiere_as_ONE D:\BENO_RODRIGUE_Louis_4A\BVS_Energie\BVS_Energie.gdb\OSM_cimetiere_as_ONE_Ci #</Process><Process ToolSource="c:\program files\arcgis\pro\Resources\ArcToolbox\toolboxes\Data Management Tools.tbx\Rename" Date="20240620" Time="114001">Rename D:\BENO_RODRIGUE_Louis_4A\BVS_Energie\BVS_Energie.gdb\OSM_cimetiere_as_ONE_Ci D:\BENO_RODRIGUE_Louis_4A\BVS_Energie\BVS_Energie.gdb\OSM_Ecole_as_ONE_Ci FeatureClass</Process><Process ToolSource="c:\program files\arcgis\pro\Resources\ArcToolbox\toolboxes\Analysis Tools.tbx\Erase" Date="20240620" Time="114033">Erase OSM\Tertiaire\OSM_Ecole_as_ONE_Ci OSM\Tertiaire\OSM_militaire_as_ONE D:\BENO_RODRIGUE_Louis_4A\BVS_Energie\BVS_Energie.gdb\OSM_Ecole_as_ONE_CiM #</Process><Process ToolSource="c:\program files\arcgis\pro\Resources\ArcToolbox\toolboxes\Data Management Tools.tbx\DeleteRows" Date="20240620" Time="135151">DeleteRows OSM\Tertiaire\OSM_Ecole_as_ONE_CiM</Process><Process ToolSource="c:\program files\arcgis\pro\Resources\ArcToolbox\toolboxes\Data Management Tools.tbx\CalculateField" Date="20240620" Time="135235">CalculateField OSM\Tertiaire\OSM_Ecole_as_ONE_CiM type ""ecole" if !type! in ["school", "recreation_ground"] else None" "Python 3" # Text NO_ENFORCE_DOMAINS</Process><Process ToolSource="c:\program files\arcgis\pro\Resources\ArcToolbox\toolboxes\Data Management Tools.tbx\Dissolve" Date="20240620" Time="135342">Dissolve OSM\Tertiaire\OSM_Ecole_as_ONE_CiM D:\BENO_RODRIGUE_Louis_4A\BVS_Energie\BVS_Energie.gdb\OSM_Ecole_as_ONE1 type # MULTI_PART DISSOLVE_LINES</Process><Process ToolSource="c:\program files\arcgis\pro\Resources\ArcToolbox\toolboxes\Data Management Tools.tbx\Project" Date="20240620" Time="135545">Project OSM\Tertiaire\OSM_Ecole_as_ONE1 D:\BENO_RODRIGUE_Louis_4A\BVS_Energie\BVS_Energie.gdb\OSM_Ecole_as_ONE2 PROJCS["WGS_1984_Web_Mercator_Auxiliary_Sphere",GEOGCS["GCS_WGS_1984",DATUM["D_WGS_1984",SPHEROID["WGS_1984",6378137.0,298.257223563]],PRIMEM["Greenwich",0.0],UNIT["Degree",0.0174532925199433]],PROJECTION["Mercator_Auxiliary_Sphere"],PARAMETER["False_Easting",0.0],PARAMETER["False_Northing",0.0],PARAMETER["Central_Meridian",0.0],PARAMETER["Standard_Parallel_1",0.0],PARAMETER["Auxiliary_Sphere_Type",0.0],UNIT["Meter",1.0]] # GEOGCS["GCS_WGS_1984",DATUM["D_WGS_1984",SPHEROID["WGS_1984",6378137.0,298.257223563]],PRIMEM["Greenwich",0.0],UNIT["Degree",0.0174532925199433]] NO_PRESERVE_SHAPE # NO_VERTICAL</Process><Process ToolSource="c:\program files\arcgis\pro\Resources\ArcToolbox\toolboxes\Data Management Tools.tbx\Merge" Date="20240620" Time="140434">Merge OSM\Tertiaire\OSM_Ecole_as_ONE2;BVS\Zones_Tertiaires\Ecoles_Hopitaux_Dissolve_Erase D:\BENO_RODRIGUE_Louis_4A\BVS_Energie\BVS_Energie.gdb\OSM_Ecole_Total "type "type" true true false 80 Text 0 0,First,#,OSM\Tertiaire\OSM_Ecole_as_ONE2,type,0,80;Shape_Length "Shape_Length" false true true 8 Double 0 0,First,#,OSM\Tertiaire\OSM_Ecole_as_ONE2,Shape_Length,-1,-1,BVS\Zones_Tertiaires\Ecoles_Hopitaux_Dissolve_Erase,Shape_Length,-1,-1;Shape_Area "Shape_Area" false true true 8 Double 0 0,First,#,OSM\Tertiaire\OSM_Ecole_as_ONE2,Shape_Area,-1,-1,BVS\Zones_Tertiaires\Ecoles_Hopitaux_Dissolve_Erase,Shape_Area,-1,-1;class "class" true true false 254 Text 0 0,First,#,BVS\Zones_Tertiaires\Ecoles_Hopitaux_Dissolve_Erase,class,0,254" NO_SOURCE_INFO</Process><Process ToolSource="c:\program files\arcgis\pro\Resources\ArcToolbox\toolboxes\Data Management Tools.tbx\Dissolve" Date="20240620" Time="140624">Dissolve OSM\Tertiaire\OSM_Ecole_Total D:\BENO_RODRIGUE_Louis_4A\BVS_Energie\BVS_Energie.gdb\OSM_Ecole_F type # MULTI_PART DISSOLVE_LINES</Process><Process ToolSource="c:\program files\arcgis\pro\Resources\ArcToolbox\toolboxes\Data Management Tools.tbx\Merge" Date="20240627" Time="141213">Merge OSM\Tertiaire\OSM_Ecole_F;OSM\Tertiaire\OSM_commerciale_as_ONE_PFCiRMICoE;OSM\Tertiaire\OSM_industrielle_as_ONE_PFCiRMICoE;OSM\Tertiaire\OSM_residentielle_as_ONE_PFCiRMICoE;OSM\Vert\OSM_paturage_as_ONE_PFCiRMICoE;OSM\Vert\OSM_agricole_as_ONE1 D:\BENO_RODRIGUE_Louis_4A\BVS_Energie\BVS_Energie.gdb\OSM_Surfaces_2 "type "type" true true false 80 Text 0 0,First,#,OSM\Tertiaire\OSM_Ecole_F,type,0,80,OSM\Tertiaire\OSM_commerciale_as_ONE_PFCiRMICoE,type,0,80,OSM\Tertiaire\OSM_industrielle_as_ONE_PFCiRMICoE,type,0,80,OSM\Tertiaire\OSM_residentielle_as_ONE_PFCiRMICoE,type,0,80,OSM\Vert\OSM_paturage_as_ONE_PFCiRMICoE,type,0,80,OSM\Vert\OSM_agricole_as_ONE1,type,0,80;Shape_Length "Shape_Length" false true true 8 Double 0 0,First,#,OSM\Tertiaire\OSM_Ecole_F,Shape_Length,-1,-1,OSM\Tertiaire\OSM_commerciale_as_ONE_PFCiRMICoE,Shape_Length,-1,-1,OSM\Tertiaire\OSM_industrielle_as_ONE_PFCiRMICoE,Shape_Length,-1,-1,OSM\Tertiaire\OSM_residentielle_as_ONE_PFCiRMICoE,Shape_Length,-1,-1,OSM\Vert\OSM_paturage_as_ONE_PFCiRMICoE,Shape_Length,-1,-1,OSM\Vert\OSM_agricole_as_ONE1,Shape_Length,-1,-1;Shape_Area "Shape_Area" false true true 8 Double 0 0,First,#,OSM\Tertiaire\OSM_Ecole_F,Shape_Area,-1,-1,OSM\Tertiaire\OSM_commerciale_as_ONE_PFCiRMICoE,Shape_Area,-1,-1,OSM\Tertiaire\OSM_industrielle_as_ONE_PFCiRMICoE,Shape_Area,-1,-1,OSM\Tertiaire\OSM_residentielle_as_ONE_PFCiRMICoE,Shape_Area,-1,-1,OSM\Vert\OSM_paturage_as_ONE_PFCiRMICoE,Shape_Area,-1,-1,OSM\Vert\OSM_agricole_as_ONE1,Shape_Area,-1,-1" NO_SOURCE_INFO</Process><Process ToolSource="c:\program files\arcgis\pro\Resources\ArcToolbox\toolboxes\Analysis Tools.tbx\Intersect" Date="20240627" Time="141253">Intersect "OSM_Surfaces_2 #;Finale\Reduced\Grille_Beauvais_Reduced #" D:\BENO_RODRIGUE_Louis_4A\BVS_Energie\BVS_Energie.gdb\OSM_Surfaces_2_Grille "All attributes" # "Same as input"</Process><Process ToolSource="c:\program files\arcgis\pro\Resources\ArcToolbox\toolboxes\Data Management Tools.tbx\DeleteField" Date="20240627" Time="141406">DeleteField Finale\Reduced\OSM_Surfaces_2_Grille Residentielles_Surfaces;Residentielles_Toitures;Res_Toitures_Percents;Commerciales_Surfaces;Commerciales_Toitures;Com_Toitures_Percents;Industrielles_Surfaces;Industrielles_Toitures;Ind_Toitures_Percents;Ecoles_Surfaces;Ecoles_Toitures;Ecoles_Toitures_Percents;Toitures_Totale;Surfaces_Totale;Toitures_Totale_Percent;Res_Surfaces_Percents;Ind_Surfaces_Percents;Ecoles_Surfaces_Percents;Surfaces_Totale_Percent;Com_Surfaces_Percents;Routes;Lac;Reseau_Hydro;Foret "Delete Fields"</Process><Process ToolSource="c:\program files\arcgis\pro\Resources\ArcToolbox\toolboxes\Analysis Tools.tbx\Erase" Date="20240628" Time="160959">Erase OSM_Surfaces_2_Grille OSM_foret_F_Grille2_Erase D:\BENO_RODRIGUE_Louis_4A\BVS_Energie\BVS_Energie.gdb\OSM_Surfaces_2_Grille_Erase #</Process><Process ToolSource="c:\program files\arcgis\pro\Resources\ArcToolbox\toolboxes\Analysis Tools.tbx\Erase" Date="20240628" Time="161035">Erase OSM_Surfaces_2_Grille_Erase Eau_F_Grille1 D:\BENO_RODRIGUE_Louis_4A\BVS_Energie\BVS_Energie.gdb\OSM_Surfaces_2_Grille_Erase1 #</Process><Process ToolSource="c:\program files\arcgis\pro\Resources\ArcToolbox\toolboxes\Data Management Tools.tbx\DeleteRows" Date="20240702" Time="140820">DeleteRows Finale\Reduced\Surfaces\OSM_Surfaces_2_Grille_Erase1</Process><Process ToolSource="c:\program files\arcgis\pro\Resources\ArcToolbox\toolboxes\Data Management Tools.tbx\DeleteRows" Date="20240702" Time="141053">DeleteRows Finale\Reduced\Surfaces\OSM_Surfaces_2_Grille_Erase1</Process><Process ToolSource="c:\program files\arcgis\pro\Resources\ArcToolbox\toolboxes\Data Management Tools.tbx\DeleteRows" Date="20240702" Time="141222">DeleteRows Finale\Reduced\Surfaces\OSM_Surfaces_2_Grille_Erase1</Process><Process ToolSource="c:\program files\arcgis\pro\Resources\ArcToolbox\toolboxes\Data Management Tools.tbx\CopyMultiple" Date="20240702" Time="141939">CopyMultiple "D:\BENO_RODRIGUE_Louis_4A\BVS_Energie\BVS_Energie.gdb\OSM_Surfaces_2_Grille_Erase1 FeatureClass" D:\BENO_RODRIGUE_Louis_4A\BVS_Energie\BVS_Energie_PY.gdb OSM_Surfaces_2_Grille_Erase1 "OSM_Surfaces_2_Grille_Erase1 FeatureClass OSM_Surfaces_2_Grille_Erase1 #"</Process><Process ToolSource="c:\program files\arcgis\pro\Resources\ArcToolbox\toolboxes\Data Management Tools.tbx\CopyFeatures" Date="20240702" Time="161917">CopyFeatures D:\BENO_RODRIGUE_Louis_4A\BVS_Energie\BVS_Energie_PY.gdb\OSM_Surfaces_2_Grille_Erase1 D:\BENO_RODRIGUE_Louis_4A\Python\BVS_Energie_PY\OSM_Surfaces_2_Grille_Erase1.shp # # # #</Process></lineage></DataProperties><SyncDate>20240702</SyncDate><SyncTime>16190400</SyncTime><ModDate>20240702</ModDate><ModTime>16190400</ModTime></Esri><dataIdInfo><envirDesc Sync="TRUE">Microsoft Windows 10 Version 10.0 (Build 19045) ; Esri ArcGIS 12.9.4.32739</envirDesc><dataLang><languageCode value="fra" Sync="TRUE"></languageCode><countryCode value="FRA" Sync="TRUE"></countryCode></dataLang><idCitation><resTitle Sync="TRUE">OSM_Surfaces_2_Grille_Erase1</resTitle><presForm><PresFormCd value="005" Sync="TRUE"></PresFormCd></presForm></idCitation><spatRpType><SpatRepTypCd value="001" Sync="TRUE"></SpatRepTypCd></spatRpType></dataIdInfo><mdLang><languageCode value="fra" Sync="TRUE"></languageCode><countryCode value="FRA" Sync="TRUE"></countryCode></mdLang><distInfo><distFormat><formatName Sync="TRUE">Shapefile</formatName></distFormat><distTranOps><transSize Sync="TRUE">0.000</transSize></distTranOps></distInfo><mdHrLv><ScopeCd value="005" Sync="TRUE"></ScopeCd></mdHrLv><mdHrLvName Sync="TRUE">dataset</mdHrLvName><refSysInfo><RefSystem><refSysID><identCode code="3857" Sync="TRUE"></identCode><idCodeSpace Sync="TRUE">EPSG</idCodeSpace><idVersion Sync="TRUE">6.18.3(9.3.1.2)</idVersion></refSysID></RefSystem></refSysInfo><spatRepInfo><VectSpatRep><geometObjs Name="OSM_Surfaces_2_Grille_Erase1"><geoObjTyp><GeoObjTypCd value="002" Sync="TRUE"></GeoObjTypCd></geoObjTyp><geoObjCnt Sync="TRUE">0</geoObjCnt></geometObjs><topLvl><TopoLevCd value="001" Sync="TRUE"></TopoLevCd></topLvl></VectSpatRep></spatRepInfo><spdoinfo><ptvctinf><esriterm Name="OSM_Surfaces_2_Grille_Erase1"><efeatyp Sync="TRUE">Simple</efeatyp><efeageom code="4" Sync="TRUE"></efeageom><esritopo Sync="TRUE">FALSE</esritopo><efeacnt Sync="TRUE">0</efeacnt><spindex Sync="TRUE">FALSE</spindex><linrefer Sync="TRUE">FALSE</linrefer></esriterm></ptvctinf></spdoinfo><eainfo><detailed Name="OSM_Surfaces_2_Grille_Erase1"><enttyp><enttypl Sync="TRUE">OSM_Surfaces_2_Grille_Erase1</enttypl><enttypt Sync="TRUE">Feature Class</enttypt><enttypc Sync="TRUE">0</enttypc></enttyp><attr><attrlabl Sync="TRUE">FID</attrlabl><attalias Sync="TRUE">FID</attalias><attrtype Sync="TRUE">OID</attrtype><attwidth Sync="TRUE">4</attwidth><atprecis Sync="TRUE">0</atprecis><attscale Sync="TRUE">0</attscale><attrdef Sync="TRUE">Internal feature number.</attrdef><attrdefs Sync="TRUE">Esri</attrdefs><attrdomv><udom Sync="TRUE">Sequential unique whole numbers that are automatically generated.</udom></attrdomv></attr><attr><attrlabl Sync="TRUE">Shape</attrlabl><attalias Sync="TRUE">Shape</attalias><attrtype Sync="TRUE">Geometry</attrtype><attwidth Sync="TRUE">0</attwidth><atprecis Sync="TRUE">0</atprecis><attscale Sync="TRUE">0</attscale><attrdef Sync="TRUE">Feature geometry.</attrdef><attrdefs Sync="TRUE">Esri</attrdefs><attrdomv><udom Sync="TRUE">Coordinates defining the features.</udom></attrdomv></attr><attr><attrlabl Sync="TRUE">FID_OSM_Su</attrlabl><attalias Sync="TRUE">FID_OSM_Su</attalias><attrtype Sync="TRUE">Integer</attrtype><attwidth Sync="TRUE">10</attwidth><atprecis Sync="TRUE">10</atprecis><attscale Sync="TRUE">0</attscale></attr><attr><attrlabl Sync="TRUE">type</attrlabl><attalias Sync="TRUE">type</attalias><attrtype Sync="TRUE">String</attrtype><attwidth Sync="TRUE">80</attwidth><atprecis Sync="TRUE">0</atprecis><attscale Sync="TRUE">0</attscale></attr><attr><attrlabl Sync="TRUE">FID_Grille</attrlabl><attalias Sync="TRUE">FID_Grille</attalias><attrtype Sync="TRUE">Integer</attrtype><attwidth Sync="TRUE">10</attwidth><atprecis Sync="TRUE">10</atprecis><attscale Sync="TRUE">0</attscale></attr><attr><attrlabl Sync="TRUE">PageName</attrlabl><attalias Sync="TRUE">PageName</attalias><attrtype Sync="TRUE">String</attrtype><attwidth Sync="TRUE">254</attwidth><atprecis Sync="TRUE">0</atprecis><attscale Sync="TRUE">0</attscale></attr><attr><attrlabl Sync="TRUE">Shape_Leng</attrlabl><attalias Sync="TRUE">Shape_Leng</attalias><attrtype Sync="TRUE">Double</attrtype><attwidth Sync="TRUE">19</attwidth><atprecis Sync="TRUE">0</atprecis><attscale Sync="TRUE">0</attscale></attr><attr><attrlabl Sync="TRUE">Shape_Area</attrlabl><attalias Sync="TRUE">Shape_Area</attalias><attrtype Sync="TRUE">Double</attrtype><attwidth Sync="TRUE">19</attwidth><atprecis Sync="TRUE">0</atprecis><attscale Sync="TRUE">0</attscale><attrdef Sync="TRUE">Area of feature in internal units squared.</attrdef><attrdefs Sync="TRUE">Esri</attrdefs><attrdomv><udom Sync="TRUE">Positive real numbers that are automatically generated.</udom></attrdomv></attr></detailed></eainfo><mdDateSt Sync="TRUE">20240702</mdDateSt></metadata>
