<metadata xml:lang="fr"><Esri><CreaDate>20240702</CreaDate><CreaTime>14210700</CreaTime><ArcGISFormat>1.0</ArcGISFormat><SyncOnce>FALSE</SyncOnce><DataProperties><itemProps><itemName Sync="TRUE">Routes_F_Reduced</itemName><imsContentType Sync="TRUE">002</imsContentType><itemLocation><linkage Sync="TRUE">file://\\GEOLAB-0019\D$\BENO_RODRIGUE_Louis_4A\Python\BVS_Energie_PY\Routes_F_Reduced.shp</linkage><protocol Sync="TRUE">Local Area Network</protocol></itemLocation><itemSize Sync="TRUE">0.000</itemSize></itemProps><coordRef><type Sync="TRUE">Projected</type><geogcsn Sync="TRUE">GCS_WGS_1984</geogcsn><csUnits Sync="TRUE">Linear Unit: Meter (1.000000)</csUnits><peXml Sync="TRUE">&lt;ProjectedCoordinateSystem xsi:type='typens:ProjectedCoordinateSystem' xmlns:xsi='http://www.w3.org/2001/XMLSchema-instance' xmlns:xs='http://www.w3.org/2001/XMLSchema' xmlns:typens='http://www.esri.com/schemas/ArcGIS/2.9.0'&gt;&lt;WKT&gt;PROJCS[&amp;quot;WGS_1984_Web_Mercator_Auxiliary_Sphere&amp;quot;,GEOGCS[&amp;quot;GCS_WGS_1984&amp;quot;,DATUM[&amp;quot;D_WGS_1984&amp;quot;,SPHEROID[&amp;quot;WGS_1984&amp;quot;,6378137.0,298.257223563]],PRIMEM[&amp;quot;Greenwich&amp;quot;,0.0],UNIT[&amp;quot;Degree&amp;quot;,0.0174532925199433]],PROJECTION[&amp;quot;Mercator_Auxiliary_Sphere&amp;quot;],PARAMETER[&amp;quot;False_Easting&amp;quot;,0.0],PARAMETER[&amp;quot;False_Northing&amp;quot;,0.0],PARAMETER[&amp;quot;Central_Meridian&amp;quot;,0.0],PARAMETER[&amp;quot;Standard_Parallel_1&amp;quot;,0.0],PARAMETER[&amp;quot;Auxiliary_Sphere_Type&amp;quot;,0.0],UNIT[&amp;quot;Meter&amp;quot;,1.0],AUTHORITY[&amp;quot;EPSG&amp;quot;,3857]]&lt;/WKT&gt;&lt;XOrigin&gt;-20037700&lt;/XOrigin&gt;&lt;YOrigin&gt;-30241100&lt;/YOrigin&gt;&lt;XYScale&gt;148923141.92838538&lt;/XYScale&gt;&lt;ZOrigin&gt;-100000&lt;/ZOrigin&gt;&lt;ZScale&gt;10000&lt;/ZScale&gt;&lt;MOrigin&gt;-100000&lt;/MOrigin&gt;&lt;MScale&gt;10000&lt;/MScale&gt;&lt;XYTolerance&gt;0.001&lt;/XYTolerance&gt;&lt;ZTolerance&gt;0.001&lt;/ZTolerance&gt;&lt;MTolerance&gt;0.001&lt;/MTolerance&gt;&lt;HighPrecision&gt;true&lt;/HighPrecision&gt;&lt;WKID&gt;102100&lt;/WKID&gt;&lt;LatestWKID&gt;3857&lt;/LatestWKID&gt;&lt;/ProjectedCoordinateSystem&gt;</peXml><projcsn Sync="TRUE">WGS_1984_Web_Mercator_Auxiliary_Sphere</projcsn></coordRef><lineage><Process ToolSource="c:\program files\arcgis\pro\Resources\ArcToolbox\toolboxes\Data Management Tools.tbx\CopyFeatures" Date="20240627" Time="094640">CopyFeatures Finale\roads D:\BENO_RODRIGUE_Louis_4A\BVS_Energie\BVS_Energie.gdb\Routes_Reduced # # # #</Process><Process ToolSource="c:\program files\arcgis\pro\Resources\ArcToolbox\toolboxes\Data Management Tools.tbx\DeleteRows" Date="20240627" Time="094752">DeleteRows Finale\Routes_Reduced</Process><Process ToolSource="c:\program files\arcgis\pro\Resources\ArcToolbox\toolboxes\Data Management Tools.tbx\DeleteRows" Date="20240627" Time="094811">DeleteRows Finale\Routes_Reduced</Process><Process ToolSource="c:\program files\arcgis\pro\Resources\ArcToolbox\toolboxes\Data Management Tools.tbx\DeleteRows" Date="20240627" Time="094819">DeleteRows Finale\Routes_Reduced</Process><Process ToolSource="c:\program files\arcgis\pro\Resources\ArcToolbox\toolboxes\Data Management Tools.tbx\DeleteRows" Date="20240627" Time="094902">DeleteRows Finale\Routes_Reduced</Process><Process ToolSource="c:\program files\arcgis\pro\Resources\ArcToolbox\toolboxes\Data Management Tools.tbx\DeleteRows" Date="20240627" Time="094930">DeleteRows Finale\Routes_Reduced</Process><Process ToolSource="c:\program files\arcgis\pro\Resources\ArcToolbox\toolboxes\Data Management Tools.tbx\DeleteRows" Date="20240627" Time="094941">DeleteRows Finale\Routes_Reduced</Process><Process ToolSource="c:\program files\arcgis\pro\Resources\ArcToolbox\toolboxes\Data Management Tools.tbx\DeleteRows" Date="20240627" Time="094945">DeleteRows Finale\Routes_Reduced</Process><Process ToolSource="c:\program files\arcgis\pro\Resources\ArcToolbox\toolboxes\Data Management Tools.tbx\DeleteRows" Date="20240627" Time="094949">DeleteRows Finale\Routes_Reduced</Process><Process ToolSource="c:\program files\arcgis\pro\Resources\ArcToolbox\toolboxes\Data Management Tools.tbx\DeleteRows" Date="20240627" Time="095002">DeleteRows Finale\Routes_Reduced</Process><Process ToolSource="c:\program files\arcgis\pro\Resources\ArcToolbox\toolboxes\Data Management Tools.tbx\DeleteRows" Date="20240627" Time="095011">DeleteRows Finale\Routes_Reduced</Process><Process ToolSource="c:\program files\arcgis\pro\Resources\ArcToolbox\toolboxes\Data Management Tools.tbx\DeleteRows" Date="20240627" Time="095025">DeleteRows Finale\Routes_Reduced</Process><Process ToolSource="c:\program files\arcgis\pro\Resources\ArcToolbox\toolboxes\Data Management Tools.tbx\DeleteRows" Date="20240627" Time="095035">DeleteRows Finale\Routes_Reduced</Process><Process ToolSource="c:\program files\arcgis\pro\Resources\ArcToolbox\toolboxes\Data Management Tools.tbx\DeleteRows" Date="20240627" Time="095055">DeleteRows Finale\Routes_Reduced</Process><Process ToolSource="c:\program files\arcgis\pro\Resources\ArcToolbox\toolboxes\Data Management Tools.tbx\DeleteRows" Date="20240627" Time="095058">DeleteRows Finale\Routes_Reduced</Process><Process ToolSource="c:\program files\arcgis\pro\Resources\ArcToolbox\toolboxes\Data Management Tools.tbx\DeleteRows" Date="20240627" Time="095106">DeleteRows Finale\Routes_Reduced</Process><Process ToolSource="c:\program files\arcgis\pro\Resources\ArcToolbox\toolboxes\Data Management Tools.tbx\DeleteRows" Date="20240627" Time="095120">DeleteRows Finale\Routes_Reduced</Process><Process ToolSource="c:\program files\arcgis\pro\Resources\ArcToolbox\toolboxes\Data Management Tools.tbx\DeleteRows" Date="20240627" Time="095126">DeleteRows Finale\Routes_Reduced</Process><Process ToolSource="c:\program files\arcgis\pro\Resources\ArcToolbox\toolboxes\Data Management Tools.tbx\DeleteRows" Date="20240627" Time="095138">DeleteRows Finale\Routes_Reduced</Process><Process ToolSource="c:\program files\arcgis\pro\Resources\ArcToolbox\toolboxes\Data Management Tools.tbx\DeleteRows" Date="20240627" Time="095153">DeleteRows Finale\Routes_Reduced</Process><Process ToolSource="c:\program files\arcgis\pro\Resources\ArcToolbox\toolboxes\Data Management Tools.tbx\DeleteRows" Date="20240627" Time="095159">DeleteRows Finale\Routes_Reduced</Process><Process ToolSource="c:\program files\arcgis\pro\Resources\ArcToolbox\toolboxes\Data Management Tools.tbx\DeleteRows" Date="20240627" Time="095323">DeleteRows Finale\Routes_Reduced</Process><Process ToolSource="c:\program files\arcgis\pro\Resources\ArcToolbox\toolboxes\Data Management Tools.tbx\DeleteRows" Date="20240627" Time="095351">DeleteRows Finale\Routes_Reduced</Process><Process ToolSource="c:\program files\arcgis\pro\Resources\ArcToolbox\toolboxes\Data Management Tools.tbx\DeleteRows" Date="20240627" Time="095414">DeleteRows Finale\Routes_Reduced</Process><Process ToolSource="c:\program files\arcgis\pro\Resources\ArcToolbox\toolboxes\Data Management Tools.tbx\DeleteRows" Date="20240627" Time="095538">DeleteRows Finale\Routes_Reduced</Process><Process ToolSource="c:\program files\arcgis\pro\Resources\ArcToolbox\toolboxes\Data Management Tools.tbx\DeleteRows" Date="20240627" Time="095658">DeleteRows Finale\Routes_Reduced</Process><Process ToolSource="c:\program files\arcgis\pro\Resources\ArcToolbox\toolboxes\Data Management Tools.tbx\DeleteRows" Date="20240627" Time="095712">DeleteRows Finale\Routes_Reduced</Process><Process ToolSource="c:\program files\arcgis\pro\Resources\ArcToolbox\toolboxes\Data Management Tools.tbx\DeleteRows" Date="20240627" Time="095718">DeleteRows Finale\Routes_Reduced</Process><Process ToolSource="c:\program files\arcgis\pro\Resources\ArcToolbox\toolboxes\Data Management Tools.tbx\DeleteRows" Date="20240627" Time="095729">DeleteRows Finale\Routes_Reduced</Process><Process ToolSource="c:\program files\arcgis\pro\Resources\ArcToolbox\toolboxes\Data Management Tools.tbx\DeleteRows" Date="20240627" Time="095735">DeleteRows Finale\Routes_Reduced</Process><Process ToolSource="c:\program files\arcgis\pro\Resources\ArcToolbox\toolboxes\Data Management Tools.tbx\DeleteRows" Date="20240627" Time="095740">DeleteRows Finale\Routes_Reduced</Process><Process ToolSource="c:\program files\arcgis\pro\Resources\ArcToolbox\toolboxes\Data Management Tools.tbx\DeleteRows" Date="20240627" Time="095747">DeleteRows Finale\Routes_Reduced</Process><Process ToolSource="c:\program files\arcgis\pro\Resources\ArcToolbox\toolboxes\Data Management Tools.tbx\DeleteRows" Date="20240627" Time="095808">DeleteRows Finale\Routes_Reduced</Process><Process ToolSource="c:\program files\arcgis\pro\Resources\ArcToolbox\toolboxes\Data Management Tools.tbx\DeleteRows" Date="20240627" Time="095830">DeleteRows Finale\Routes_Reduced</Process><Process ToolSource="c:\program files\arcgis\pro\Resources\ArcToolbox\toolboxes\Data Management Tools.tbx\DeleteRows" Date="20240627" Time="095839">DeleteRows Finale\Routes_Reduced</Process><Process ToolSource="c:\program files\arcgis\pro\Resources\ArcToolbox\toolboxes\Data Management Tools.tbx\DeleteRows" Date="20240627" Time="095849">DeleteRows Finale\Routes_Reduced</Process><Process ToolSource="c:\program files\arcgis\pro\Resources\ArcToolbox\toolboxes\Data Management Tools.tbx\DeleteRows" Date="20240627" Time="095901">DeleteRows Finale\Routes_Reduced</Process><Process ToolSource="c:\program files\arcgis\pro\Resources\ArcToolbox\toolboxes\Data Management Tools.tbx\DeleteRows" Date="20240627" Time="095937">DeleteRows Finale\Routes_Reduced</Process><Process ToolSource="c:\program files\arcgis\pro\Resources\ArcToolbox\toolboxes\Data Management Tools.tbx\DeleteRows" Date="20240627" Time="095948">DeleteRows Finale\Routes_Reduced</Process><Process ToolSource="c:\program files\arcgis\pro\Resources\ArcToolbox\toolboxes\Data Management Tools.tbx\DeleteRows" Date="20240627" Time="100025">DeleteRows Finale\Routes_Reduced</Process><Process ToolSource="c:\program files\arcgis\pro\Resources\ArcToolbox\toolboxes\Data Management Tools.tbx\DeleteRows" Date="20240627" Time="100033">DeleteRows Finale\Routes_Reduced</Process><Process ToolSource="c:\program files\arcgis\pro\Resources\ArcToolbox\toolboxes\Data Management Tools.tbx\DeleteRows" Date="20240627" Time="100042">DeleteRows Finale\Routes_Reduced</Process><Process ToolSource="c:\program files\arcgis\pro\Resources\ArcToolbox\toolboxes\Data Management Tools.tbx\DeleteRows" Date="20240627" Time="100059">DeleteRows Finale\Routes_Reduced</Process><Process ToolSource="c:\program files\arcgis\pro\Resources\ArcToolbox\toolboxes\Data Management Tools.tbx\DeleteRows" Date="20240627" Time="100216">DeleteRows Finale\Routes_Reduced</Process><Process ToolSource="c:\program files\arcgis\pro\Resources\ArcToolbox\toolboxes\Data Management Tools.tbx\DeleteRows" Date="20240627" Time="100241">DeleteRows Finale\Routes_Reduced</Process><Process ToolSource="c:\program files\arcgis\pro\Resources\ArcToolbox\toolboxes\Data Management Tools.tbx\DeleteRows" Date="20240627" Time="100246">DeleteRows Finale\Routes_Reduced</Process><Process ToolSource="c:\program files\arcgis\pro\Resources\ArcToolbox\toolboxes\Data Management Tools.tbx\DeleteRows" Date="20240627" Time="100314">DeleteRows Finale\Routes_Reduced</Process><Process ToolSource="c:\program files\arcgis\pro\Resources\ArcToolbox\toolboxes\Data Management Tools.tbx\DeleteRows" Date="20240627" Time="100329">DeleteRows Finale\Routes_Reduced</Process><Process ToolSource="c:\program files\arcgis\pro\Resources\ArcToolbox\toolboxes\Data Management Tools.tbx\DeleteRows" Date="20240627" Time="100340">DeleteRows Finale\Routes_Reduced</Process><Process ToolSource="c:\program files\arcgis\pro\Resources\ArcToolbox\toolboxes\Data Management Tools.tbx\DeleteRows" Date="20240627" Time="100347">DeleteRows Finale\Routes_Reduced</Process><Process ToolSource="c:\program files\arcgis\pro\Resources\ArcToolbox\toolboxes\Data Management Tools.tbx\DeleteRows" Date="20240627" Time="100351">DeleteRows Finale\Routes_Reduced</Process><Process ToolSource="c:\program files\arcgis\pro\Resources\ArcToolbox\toolboxes\Data Management Tools.tbx\DeleteRows" Date="20240627" Time="100356">DeleteRows Finale\Routes_Reduced</Process><Process ToolSource="c:\program files\arcgis\pro\Resources\ArcToolbox\toolboxes\Data Management Tools.tbx\DeleteRows" Date="20240627" Time="100419">DeleteRows Finale\Routes_Reduced</Process><Process ToolSource="c:\program files\arcgis\pro\Resources\ArcToolbox\toolboxes\Data Management Tools.tbx\DeleteRows" Date="20240627" Time="100425">DeleteRows Finale\Routes_Reduced</Process><Process ToolSource="c:\program files\arcgis\pro\Resources\ArcToolbox\toolboxes\Data Management Tools.tbx\DeleteRows" Date="20240627" Time="100447">DeleteRows Finale\Routes_Reduced</Process><Process ToolSource="c:\program files\arcgis\pro\Resources\ArcToolbox\toolboxes\Data Management Tools.tbx\DeleteRows" Date="20240627" Time="100458">DeleteRows Finale\Routes_Reduced</Process><Process ToolSource="c:\program files\arcgis\pro\Resources\ArcToolbox\toolboxes\Data Management Tools.tbx\DeleteRows" Date="20240627" Time="100701">DeleteRows Finale\Routes_Reduced</Process><Process ToolSource="c:\program files\arcgis\pro\Resources\ArcToolbox\toolboxes\Data Management Tools.tbx\DeleteRows" Date="20240627" Time="100707">DeleteRows Finale\Routes_Reduced</Process><Process ToolSource="c:\program files\arcgis\pro\Resources\ArcToolbox\toolboxes\Data Management Tools.tbx\DeleteRows" Date="20240627" Time="100728">DeleteRows Finale\Routes_Reduced</Process><Process ToolSource="c:\program files\arcgis\pro\Resources\ArcToolbox\toolboxes\Data Management Tools.tbx\DeleteRows" Date="20240627" Time="100751">DeleteRows Finale\Routes_Reduced</Process><Process ToolSource="c:\program files\arcgis\pro\Resources\ArcToolbox\toolboxes\Data Management Tools.tbx\DeleteRows" Date="20240627" Time="100819">DeleteRows Finale\Routes_Reduced</Process><Process ToolSource="c:\program files\arcgis\pro\Resources\ArcToolbox\toolboxes\Data Management Tools.tbx\DeleteRows" Date="20240627" Time="100902">DeleteRows Finale\Routes_Reduced</Process><Process ToolSource="c:\program files\arcgis\pro\Resources\ArcToolbox\toolboxes\Data Management Tools.tbx\DeleteRows" Date="20240627" Time="100934">DeleteRows Finale\Routes_Reduced</Process><Process ToolSource="c:\program files\arcgis\pro\Resources\ArcToolbox\toolboxes\Data Management Tools.tbx\DeleteRows" Date="20240627" Time="101027">DeleteRows Finale\Routes_Reduced</Process><Process ToolSource="c:\program files\arcgis\pro\Resources\ArcToolbox\toolboxes\Data Management Tools.tbx\DeleteRows" Date="20240627" Time="101130">DeleteRows Finale\Routes_Reduced</Process><Process ToolSource="c:\program files\arcgis\pro\Resources\ArcToolbox\toolboxes\Data Management Tools.tbx\DeleteRows" Date="20240627" Time="101142">DeleteRows Finale\Routes_Reduced</Process><Process ToolSource="c:\program files\arcgis\pro\Resources\ArcToolbox\toolboxes\Data Management Tools.tbx\DeleteRows" Date="20240627" Time="101152">DeleteRows Finale\Routes_Reduced</Process><Process ToolSource="c:\program files\arcgis\pro\Resources\ArcToolbox\toolboxes\Data Management Tools.tbx\DeleteRows" Date="20240627" Time="101200">DeleteRows Finale\Routes_Reduced</Process><Process ToolSource="c:\program files\arcgis\pro\Resources\ArcToolbox\toolboxes\Data Management Tools.tbx\DeleteRows" Date="20240627" Time="101221">DeleteRows Finale\Routes_Reduced</Process><Process ToolSource="c:\program files\arcgis\pro\Resources\ArcToolbox\toolboxes\Data Management Tools.tbx\DeleteRows" Date="20240627" Time="101250">DeleteRows Finale\Routes_Reduced</Process><Process ToolSource="c:\program files\arcgis\pro\Resources\ArcToolbox\toolboxes\Data Management Tools.tbx\DeleteRows" Date="20240627" Time="101420">DeleteRows Finale\Routes_Reduced</Process><Process ToolSource="c:\program files\arcgis\pro\Resources\ArcToolbox\toolboxes\Data Management Tools.tbx\DeleteRows" Date="20240627" Time="101525">DeleteRows Finale\Routes_Reduced</Process><Process ToolSource="c:\program files\arcgis\pro\Resources\ArcToolbox\toolboxes\Data Management Tools.tbx\DeleteRows" Date="20240627" Time="101537">DeleteRows Finale\Routes_Reduced</Process><Process ToolSource="c:\program files\arcgis\pro\Resources\ArcToolbox\toolboxes\Data Management Tools.tbx\DeleteRows" Date="20240627" Time="101546">DeleteRows Finale\Routes_Reduced</Process><Process ToolSource="c:\program files\arcgis\pro\Resources\ArcToolbox\toolboxes\Data Management Tools.tbx\DeleteRows" Date="20240627" Time="101556">DeleteRows Finale\Routes_Reduced</Process><Process ToolSource="c:\program files\arcgis\pro\Resources\ArcToolbox\toolboxes\Data Management Tools.tbx\DeleteRows" Date="20240627" Time="101606">DeleteRows Finale\Routes_Reduced</Process><Process ToolSource="c:\program files\arcgis\pro\Resources\ArcToolbox\toolboxes\Data Management Tools.tbx\DeleteRows" Date="20240627" Time="101614">DeleteRows Finale\Routes_Reduced</Process><Process ToolSource="c:\program files\arcgis\pro\Resources\ArcToolbox\toolboxes\Data Management Tools.tbx\DeleteRows" Date="20240627" Time="101729">DeleteRows Finale\Routes_Reduced</Process><Process ToolSource="c:\program files\arcgis\pro\Resources\ArcToolbox\toolboxes\Data Management Tools.tbx\DeleteRows" Date="20240627" Time="101742">DeleteRows Finale\Routes_Reduced</Process><Process ToolSource="c:\program files\arcgis\pro\Resources\ArcToolbox\toolboxes\Data Management Tools.tbx\DeleteRows" Date="20240627" Time="101747">DeleteRows Finale\Routes_Reduced</Process><Process ToolSource="c:\program files\arcgis\pro\Resources\ArcToolbox\toolboxes\Data Management Tools.tbx\DeleteRows" Date="20240627" Time="101751">DeleteRows Finale\Routes_Reduced</Process><Process ToolSource="c:\program files\arcgis\pro\Resources\ArcToolbox\toolboxes\Data Management Tools.tbx\DeleteRows" Date="20240627" Time="101807">DeleteRows Finale\Routes_Reduced</Process><Process ToolSource="c:\program files\arcgis\pro\Resources\ArcToolbox\toolboxes\Data Management Tools.tbx\DeleteRows" Date="20240627" Time="101827">DeleteRows Finale\Routes_Reduced</Process><Process ToolSource="c:\program files\arcgis\pro\Resources\ArcToolbox\toolboxes\Data Management Tools.tbx\DeleteRows" Date="20240627" Time="101833">DeleteRows Finale\Routes_Reduced</Process><Process ToolSource="c:\program files\arcgis\pro\Resources\ArcToolbox\toolboxes\Data Management Tools.tbx\DeleteRows" Date="20240627" Time="101849">DeleteRows Finale\Routes_Reduced</Process><Process ToolSource="c:\program files\arcgis\pro\Resources\ArcToolbox\toolboxes\Data Management Tools.tbx\DeleteRows" Date="20240627" Time="101901">DeleteRows Finale\Routes_Reduced</Process><Process ToolSource="c:\program files\arcgis\pro\Resources\ArcToolbox\toolboxes\Data Management Tools.tbx\DeleteRows" Date="20240627" Time="101906">DeleteRows Finale\Routes_Reduced</Process><Process ToolSource="c:\program files\arcgis\pro\Resources\ArcToolbox\toolboxes\Data Management Tools.tbx\DeleteRows" Date="20240627" Time="101912">DeleteRows Finale\Routes_Reduced</Process><Process ToolSource="c:\program files\arcgis\pro\Resources\ArcToolbox\toolboxes\Data Management Tools.tbx\DeleteRows" Date="20240627" Time="101921">DeleteRows Finale\Routes_Reduced</Process><Process ToolSource="c:\program files\arcgis\pro\Resources\ArcToolbox\toolboxes\Data Management Tools.tbx\DeleteRows" Date="20240627" Time="101950">DeleteRows Finale\Routes_Reduced</Process><Process ToolSource="c:\program files\arcgis\pro\Resources\ArcToolbox\toolboxes\Data Management Tools.tbx\DeleteRows" Date="20240627" Time="102200">DeleteRows Finale\Routes_Reduced</Process><Process ToolSource="c:\program files\arcgis\pro\Resources\ArcToolbox\toolboxes\Data Management Tools.tbx\DeleteRows" Date="20240627" Time="102602">DeleteRows Finale\Routes_Reduced</Process><Process ToolSource="c:\program files\arcgis\pro\Resources\ArcToolbox\toolboxes\Data Management Tools.tbx\DeleteRows" Date="20240627" Time="102742">DeleteRows Finale\Routes_Reduced</Process><Process ToolSource="c:\program files\arcgis\pro\Resources\ArcToolbox\toolboxes\Data Management Tools.tbx\DeleteRows" Date="20240627" Time="102801">DeleteRows Finale\Routes_Reduced</Process><Process ToolSource="c:\program files\arcgis\pro\Resources\ArcToolbox\toolboxes\Data Management Tools.tbx\DeleteRows" Date="20240627" Time="102832">DeleteRows Finale\Routes_Reduced</Process><Process ToolSource="c:\program files\arcgis\pro\Resources\ArcToolbox\toolboxes\Data Management Tools.tbx\DeleteRows" Date="20240627" Time="102929">DeleteRows Finale\Routes_Reduced</Process><Process ToolSource="c:\program files\arcgis\pro\Resources\ArcToolbox\toolboxes\Data Management Tools.tbx\DeleteRows" Date="20240627" Time="102934">DeleteRows Finale\Routes_Reduced</Process><Process ToolSource="c:\program files\arcgis\pro\Resources\ArcToolbox\toolboxes\Data Management Tools.tbx\DeleteRows" Date="20240627" Time="102944">DeleteRows Finale\Routes_Reduced</Process><Process ToolSource="c:\program files\arcgis\pro\Resources\ArcToolbox\toolboxes\Data Management Tools.tbx\DeleteRows" Date="20240627" Time="102950">DeleteRows Finale\Routes_Reduced</Process><Process ToolSource="c:\program files\arcgis\pro\Resources\ArcToolbox\toolboxes\Data Management Tools.tbx\DeleteRows" Date="20240627" Time="103005">DeleteRows Finale\Routes_Reduced</Process><Process ToolSource="c:\program files\arcgis\pro\Resources\ArcToolbox\toolboxes\Data Management Tools.tbx\DeleteRows" Date="20240627" Time="103014">DeleteRows Finale\Routes_Reduced</Process><Process ToolSource="c:\program files\arcgis\pro\Resources\ArcToolbox\toolboxes\Data Management Tools.tbx\DeleteRows" Date="20240627" Time="103028">DeleteRows Finale\Routes_Reduced</Process><Process ToolSource="c:\program files\arcgis\pro\Resources\ArcToolbox\toolboxes\Data Management Tools.tbx\DeleteRows" Date="20240627" Time="103039">DeleteRows Finale\Routes_Reduced</Process><Process ToolSource="c:\program files\arcgis\pro\Resources\ArcToolbox\toolboxes\Data Management Tools.tbx\DeleteRows" Date="20240627" Time="103049">DeleteRows Finale\Routes_Reduced</Process><Process ToolSource="c:\program files\arcgis\pro\Resources\ArcToolbox\toolboxes\Data Management Tools.tbx\DeleteRows" Date="20240627" Time="103110">DeleteRows Finale\Routes_Reduced</Process><Process ToolSource="c:\program files\arcgis\pro\Resources\ArcToolbox\toolboxes\Data Management Tools.tbx\DeleteRows" Date="20240627" Time="103206">DeleteRows Finale\Routes_Reduced</Process><Process ToolSource="c:\program files\arcgis\pro\Resources\ArcToolbox\toolboxes\Data Management Tools.tbx\DeleteRows" Date="20240627" Time="103234">DeleteRows Finale\Routes_Reduced</Process><Process ToolSource="c:\program files\arcgis\pro\Resources\ArcToolbox\toolboxes\Data Management Tools.tbx\DeleteRows" Date="20240627" Time="103358">DeleteRows Finale\Routes_Reduced</Process><Process ToolSource="c:\program files\arcgis\pro\Resources\ArcToolbox\toolboxes\Data Management Tools.tbx\DeleteRows" Date="20240627" Time="103406">DeleteRows Finale\Routes_Reduced</Process><Process ToolSource="c:\program files\arcgis\pro\Resources\ArcToolbox\toolboxes\Data Management Tools.tbx\DeleteRows" Date="20240627" Time="103411">DeleteRows Finale\Routes_Reduced</Process><Process ToolSource="c:\program files\arcgis\pro\Resources\ArcToolbox\toolboxes\Data Management Tools.tbx\DeleteRows" Date="20240627" Time="103430">DeleteRows Finale\Routes_Reduced</Process><Process ToolSource="c:\program files\arcgis\pro\Resources\ArcToolbox\toolboxes\Data Management Tools.tbx\DeleteRows" Date="20240627" Time="103528">DeleteRows Finale\Routes_Reduced</Process><Process ToolSource="c:\program files\arcgis\pro\Resources\ArcToolbox\toolboxes\Data Management Tools.tbx\DeleteRows" Date="20240627" Time="103540">DeleteRows Finale\Routes_Reduced</Process><Process ToolSource="c:\program files\arcgis\pro\Resources\ArcToolbox\toolboxes\Data Management Tools.tbx\DeleteRows" Date="20240627" Time="103550">DeleteRows Finale\Routes_Reduced</Process><Process ToolSource="c:\program files\arcgis\pro\Resources\ArcToolbox\toolboxes\Data Management Tools.tbx\DeleteRows" Date="20240627" Time="103558">DeleteRows Finale\Routes_Reduced</Process><Process ToolSource="c:\program files\arcgis\pro\Resources\ArcToolbox\toolboxes\Data Management Tools.tbx\DeleteRows" Date="20240627" Time="103603">DeleteRows Finale\Routes_Reduced</Process><Process ToolSource="c:\program files\arcgis\pro\Resources\ArcToolbox\toolboxes\Data Management Tools.tbx\DeleteRows" Date="20240627" Time="103606">DeleteRows Finale\Routes_Reduced</Process><Process ToolSource="c:\program files\arcgis\pro\Resources\ArcToolbox\toolboxes\Data Management Tools.tbx\DeleteRows" Date="20240627" Time="103622">DeleteRows Finale\Routes_Reduced</Process><Process ToolSource="c:\program files\arcgis\pro\Resources\ArcToolbox\toolboxes\Data Management Tools.tbx\DeleteRows" Date="20240627" Time="103715">DeleteRows Finale\Routes_Reduced</Process><Process ToolSource="c:\program files\arcgis\pro\Resources\ArcToolbox\toolboxes\Data Management Tools.tbx\DeleteRows" Date="20240627" Time="103730">DeleteRows Finale\Routes_Reduced</Process><Process ToolSource="c:\program files\arcgis\pro\Resources\ArcToolbox\toolboxes\Data Management Tools.tbx\DeleteRows" Date="20240627" Time="103734">DeleteRows Finale\Routes_Reduced</Process><Process ToolSource="c:\program files\arcgis\pro\Resources\ArcToolbox\toolboxes\Data Management Tools.tbx\DeleteRows" Date="20240627" Time="103742">DeleteRows Finale\Routes_Reduced</Process><Process ToolSource="c:\program files\arcgis\pro\Resources\ArcToolbox\toolboxes\Data Management Tools.tbx\DeleteRows" Date="20240627" Time="103749">DeleteRows Finale\Routes_Reduced</Process><Process ToolSource="c:\program files\arcgis\pro\Resources\ArcToolbox\toolboxes\Data Management Tools.tbx\DeleteRows" Date="20240627" Time="103756">DeleteRows Finale\Routes_Reduced</Process><Process ToolSource="c:\program files\arcgis\pro\Resources\ArcToolbox\toolboxes\Data Management Tools.tbx\DeleteRows" Date="20240627" Time="103814">DeleteRows Finale\Routes_Reduced</Process><Process ToolSource="c:\program files\arcgis\pro\Resources\ArcToolbox\toolboxes\Data Management Tools.tbx\DeleteRows" Date="20240627" Time="103904">DeleteRows Finale\Routes_Reduced</Process><Process ToolSource="c:\program files\arcgis\pro\Resources\ArcToolbox\toolboxes\Data Management Tools.tbx\DeleteRows" Date="20240627" Time="103932">DeleteRows Finale\Routes_Reduced</Process><Process ToolSource="c:\program files\arcgis\pro\Resources\ArcToolbox\toolboxes\Data Management Tools.tbx\DeleteRows" Date="20240627" Time="103950">DeleteRows Finale\Routes_Reduced</Process><Process ToolSource="c:\program files\arcgis\pro\Resources\ArcToolbox\toolboxes\Data Management Tools.tbx\DeleteRows" Date="20240627" Time="104005">DeleteRows Finale\Routes_Reduced</Process><Process ToolSource="c:\program files\arcgis\pro\Resources\ArcToolbox\toolboxes\Data Management Tools.tbx\DeleteRows" Date="20240627" Time="104032">DeleteRows Finale\Routes_Reduced</Process><Process ToolSource="c:\program files\arcgis\pro\Resources\ArcToolbox\toolboxes\Data Management Tools.tbx\DeleteRows" Date="20240627" Time="104046">DeleteRows Finale\Routes_Reduced</Process><Process ToolSource="c:\program files\arcgis\pro\Resources\ArcToolbox\toolboxes\Data Management Tools.tbx\DeleteRows" Date="20240627" Time="104100">DeleteRows Finale\Routes_Reduced</Process><Process ToolSource="c:\program files\arcgis\pro\Resources\ArcToolbox\toolboxes\Data Management Tools.tbx\DeleteRows" Date="20240627" Time="104133">DeleteRows Finale\Routes_Reduced</Process><Process ToolSource="c:\program files\arcgis\pro\Resources\ArcToolbox\toolboxes\Data Management Tools.tbx\DeleteRows" Date="20240627" Time="104203">DeleteRows Finale\Routes_Reduced</Process><Process ToolSource="c:\program files\arcgis\pro\Resources\ArcToolbox\toolboxes\Data Management Tools.tbx\DeleteRows" Date="20240627" Time="104213">DeleteRows Finale\Routes_Reduced</Process><Process ToolSource="c:\program files\arcgis\pro\Resources\ArcToolbox\toolboxes\Data Management Tools.tbx\DeleteRows" Date="20240627" Time="104222">DeleteRows Finale\Routes_Reduced</Process><Process ToolSource="c:\program files\arcgis\pro\Resources\ArcToolbox\toolboxes\Data Management Tools.tbx\DeleteRows" Date="20240627" Time="104231">DeleteRows Finale\Routes_Reduced</Process><Process ToolSource="c:\program files\arcgis\pro\Resources\ArcToolbox\toolboxes\Data Management Tools.tbx\DeleteRows" Date="20240627" Time="104252">DeleteRows Finale\Routes_Reduced</Process><Process ToolSource="c:\program files\arcgis\pro\Resources\ArcToolbox\toolboxes\Data Management Tools.tbx\DeleteRows" Date="20240627" Time="104353">DeleteRows Finale\Routes_Reduced</Process><Process ToolSource="c:\program files\arcgis\pro\Resources\ArcToolbox\toolboxes\Data Management Tools.tbx\DeleteRows" Date="20240627" Time="104406">DeleteRows Finale\Routes_Reduced</Process><Process ToolSource="c:\program files\arcgis\pro\Resources\ArcToolbox\toolboxes\Data Management Tools.tbx\DeleteRows" Date="20240627" Time="104412">DeleteRows Finale\Routes_Reduced</Process><Process ToolSource="c:\program files\arcgis\pro\Resources\ArcToolbox\toolboxes\Data Management Tools.tbx\DeleteRows" Date="20240627" Time="104420">DeleteRows Finale\Routes_Reduced</Process><Process ToolSource="c:\program files\arcgis\pro\Resources\ArcToolbox\toolboxes\Data Management Tools.tbx\DeleteRows" Date="20240627" Time="104428">DeleteRows Finale\Routes_Reduced</Process><Process ToolSource="c:\program files\arcgis\pro\Resources\ArcToolbox\toolboxes\Data Management Tools.tbx\DeleteRows" Date="20240627" Time="104504">DeleteRows Finale\Routes_Reduced</Process><Process ToolSource="c:\program files\arcgis\pro\Resources\ArcToolbox\toolboxes\Data Management Tools.tbx\DeleteRows" Date="20240627" Time="104510">DeleteRows Finale\Routes_Reduced</Process><Process ToolSource="c:\program files\arcgis\pro\Resources\ArcToolbox\toolboxes\Data Management Tools.tbx\DeleteRows" Date="20240627" Time="104528">DeleteRows Finale\Routes_Reduced</Process><Process ToolSource="c:\program files\arcgis\pro\Resources\ArcToolbox\toolboxes\Data Management Tools.tbx\DeleteRows" Date="20240627" Time="104536">DeleteRows Finale\Routes_Reduced</Process><Process ToolSource="c:\program files\arcgis\pro\Resources\ArcToolbox\toolboxes\Data Management Tools.tbx\DeleteRows" Date="20240627" Time="104545">DeleteRows Finale\Routes_Reduced</Process><Process ToolSource="c:\program files\arcgis\pro\Resources\ArcToolbox\toolboxes\Data Management Tools.tbx\DeleteRows" Date="20240627" Time="104554">DeleteRows Finale\Routes_Reduced</Process><Process ToolSource="c:\program files\arcgis\pro\Resources\ArcToolbox\toolboxes\Data Management Tools.tbx\DeleteRows" Date="20240627" Time="104640">DeleteRows Finale\Routes_Reduced</Process><Process ToolSource="c:\program files\arcgis\pro\Resources\ArcToolbox\toolboxes\Data Management Tools.tbx\DeleteRows" Date="20240627" Time="104648">DeleteRows Finale\Routes_Reduced</Process><Process ToolSource="c:\program files\arcgis\pro\Resources\ArcToolbox\toolboxes\Data Management Tools.tbx\DeleteRows" Date="20240627" Time="104744">DeleteRows Finale\Routes_Reduced</Process><Process ToolSource="c:\program files\arcgis\pro\Resources\ArcToolbox\toolboxes\Data Management Tools.tbx\DeleteRows" Date="20240627" Time="104749">DeleteRows Finale\Routes_Reduced</Process><Process ToolSource="c:\program files\arcgis\pro\Resources\ArcToolbox\toolboxes\Data Management Tools.tbx\DeleteRows" Date="20240627" Time="104820">DeleteRows Finale\Routes_Reduced</Process><Process ToolSource="c:\program files\arcgis\pro\Resources\ArcToolbox\toolboxes\Data Management Tools.tbx\DeleteRows" Date="20240627" Time="104830">DeleteRows Finale\Routes_Reduced</Process><Process ToolSource="c:\program files\arcgis\pro\Resources\ArcToolbox\toolboxes\Data Management Tools.tbx\DeleteRows" Date="20240627" Time="104853">DeleteRows Finale\Routes_Reduced</Process><Process ToolSource="c:\program files\arcgis\pro\Resources\ArcToolbox\toolboxes\Data Management Tools.tbx\DeleteRows" Date="20240627" Time="104932">DeleteRows Finale\Routes_Reduced</Process><Process ToolSource="c:\program files\arcgis\pro\Resources\ArcToolbox\toolboxes\Data Management Tools.tbx\DeleteRows" Date="20240627" Time="104950">DeleteRows Finale\Routes_Reduced</Process><Process ToolSource="c:\program files\arcgis\pro\Resources\ArcToolbox\toolboxes\Data Management Tools.tbx\DeleteRows" Date="20240627" Time="104957">DeleteRows Finale\Routes_Reduced</Process><Process ToolSource="c:\program files\arcgis\pro\Resources\ArcToolbox\toolboxes\Data Management Tools.tbx\DeleteRows" Date="20240627" Time="105019">DeleteRows Finale\Routes_Reduced</Process><Process ToolSource="c:\program files\arcgis\pro\Resources\ArcToolbox\toolboxes\Data Management Tools.tbx\DeleteRows" Date="20240627" Time="105043">DeleteRows Finale\Routes_Reduced</Process><Process ToolSource="c:\program files\arcgis\pro\Resources\ArcToolbox\toolboxes\Data Management Tools.tbx\DeleteRows" Date="20240627" Time="105116">DeleteRows Finale\Routes_Reduced</Process><Process ToolSource="c:\program files\arcgis\pro\Resources\ArcToolbox\toolboxes\Data Management Tools.tbx\DeleteRows" Date="20240627" Time="105136">DeleteRows Finale\Routes_Reduced</Process><Process ToolSource="c:\program files\arcgis\pro\Resources\ArcToolbox\toolboxes\Data Management Tools.tbx\DeleteRows" Date="20240627" Time="105146">DeleteRows Finale\Routes_Reduced</Process><Process ToolSource="c:\program files\arcgis\pro\Resources\ArcToolbox\toolboxes\Data Management Tools.tbx\DeleteRows" Date="20240627" Time="105203">DeleteRows Finale\Routes_Reduced</Process><Process ToolSource="c:\program files\arcgis\pro\Resources\ArcToolbox\toolboxes\Data Management Tools.tbx\DeleteRows" Date="20240627" Time="105216">DeleteRows Finale\Routes_Reduced</Process><Process ToolSource="c:\program files\arcgis\pro\Resources\ArcToolbox\toolboxes\Data Management Tools.tbx\DeleteRows" Date="20240627" Time="105220">DeleteRows Finale\Routes_Reduced</Process><Process ToolSource="c:\program files\arcgis\pro\Resources\ArcToolbox\toolboxes\Data Management Tools.tbx\DeleteRows" Date="20240627" Time="105228">DeleteRows Finale\Routes_Reduced</Process><Process ToolSource="c:\program files\arcgis\pro\Resources\ArcToolbox\toolboxes\Data Management Tools.tbx\DeleteRows" Date="20240627" Time="105241">DeleteRows Finale\Routes_Reduced</Process><Process ToolSource="c:\program files\arcgis\pro\Resources\ArcToolbox\toolboxes\Data Management Tools.tbx\DeleteRows" Date="20240627" Time="105337">DeleteRows Finale\Routes_Reduced</Process><Process ToolSource="c:\program files\arcgis\pro\Resources\ArcToolbox\toolboxes\Data Management Tools.tbx\DeleteRows" Date="20240627" Time="105410">DeleteRows Finale\Routes_Reduced</Process><Process ToolSource="c:\program files\arcgis\pro\Resources\ArcToolbox\toolboxes\Data Management Tools.tbx\DeleteRows" Date="20240627" Time="105423">DeleteRows Finale\Routes_Reduced</Process><Process ToolSource="c:\program files\arcgis\pro\Resources\ArcToolbox\toolboxes\Data Management Tools.tbx\DeleteRows" Date="20240627" Time="105431">DeleteRows Finale\Routes_Reduced</Process><Process ToolSource="c:\program files\arcgis\pro\Resources\ArcToolbox\toolboxes\Data Management Tools.tbx\DeleteRows" Date="20240627" Time="105442">DeleteRows Finale\Routes_Reduced</Process><Process ToolSource="c:\program files\arcgis\pro\Resources\ArcToolbox\toolboxes\Data Management Tools.tbx\DeleteRows" Date="20240627" Time="105455">DeleteRows Finale\Routes_Reduced</Process><Process ToolSource="c:\program files\arcgis\pro\Resources\ArcToolbox\toolboxes\Data Management Tools.tbx\DeleteRows" Date="20240627" Time="105502">DeleteRows Finale\Routes_Reduced</Process><Process ToolSource="c:\program files\arcgis\pro\Resources\ArcToolbox\toolboxes\Data Management Tools.tbx\DeleteRows" Date="20240627" Time="105512">DeleteRows Finale\Routes_Reduced</Process><Process ToolSource="c:\program files\arcgis\pro\Resources\ArcToolbox\toolboxes\Data Management Tools.tbx\DeleteRows" Date="20240627" Time="105544">DeleteRows Finale\Routes_Reduced</Process><Process ToolSource="c:\program files\arcgis\pro\Resources\ArcToolbox\toolboxes\Data Management Tools.tbx\DeleteRows" Date="20240627" Time="105557">DeleteRows Finale\Routes_Reduced</Process><Process ToolSource="c:\program files\arcgis\pro\Resources\ArcToolbox\toolboxes\Data Management Tools.tbx\DeleteRows" Date="20240627" Time="105650">DeleteRows Finale\Routes_Reduced</Process><Process ToolSource="c:\program files\arcgis\pro\Resources\ArcToolbox\toolboxes\Data Management Tools.tbx\DeleteRows" Date="20240627" Time="105720">DeleteRows Finale\Routes_Reduced</Process><Process ToolSource="c:\program files\arcgis\pro\Resources\ArcToolbox\toolboxes\Data Management Tools.tbx\DeleteRows" Date="20240627" Time="105741">DeleteRows Finale\Routes_Reduced</Process><Process ToolSource="c:\program files\arcgis\pro\Resources\ArcToolbox\toolboxes\Data Management Tools.tbx\DeleteRows" Date="20240627" Time="105745">DeleteRows Finale\Routes_Reduced</Process><Process ToolSource="c:\program files\arcgis\pro\Resources\ArcToolbox\toolboxes\Data Management Tools.tbx\DeleteRows" Date="20240627" Time="105750">DeleteRows Finale\Routes_Reduced</Process><Process ToolSource="c:\program files\arcgis\pro\Resources\ArcToolbox\toolboxes\Data Management Tools.tbx\DeleteRows" Date="20240627" Time="105801">DeleteRows Finale\Routes_Reduced</Process><Process ToolSource="c:\program files\arcgis\pro\Resources\ArcToolbox\toolboxes\Data Management Tools.tbx\DeleteRows" Date="20240627" Time="105855">DeleteRows Finale\Routes_Reduced</Process><Process ToolSource="c:\program files\arcgis\pro\Resources\ArcToolbox\toolboxes\Data Management Tools.tbx\DeleteRows" Date="20240627" Time="105908">DeleteRows Finale\Routes_Reduced</Process><Process ToolSource="c:\program files\arcgis\pro\Resources\ArcToolbox\toolboxes\Data Management Tools.tbx\DeleteRows" Date="20240627" Time="105957">DeleteRows Finale\Routes_Reduced</Process><Process ToolSource="c:\program files\arcgis\pro\Resources\ArcToolbox\toolboxes\Data Management Tools.tbx\DeleteRows" Date="20240627" Time="110048">DeleteRows Finale\Routes_Reduced</Process><Process ToolSource="c:\program files\arcgis\pro\Resources\ArcToolbox\toolboxes\Data Management Tools.tbx\DeleteRows" Date="20240627" Time="110101">DeleteRows Finale\Routes_Reduced</Process><Process ToolSource="c:\program files\arcgis\pro\Resources\ArcToolbox\toolboxes\Data Management Tools.tbx\DeleteRows" Date="20240627" Time="110107">DeleteRows Finale\Routes_Reduced</Process><Process ToolSource="c:\program files\arcgis\pro\Resources\ArcToolbox\toolboxes\Data Management Tools.tbx\DeleteRows" Date="20240627" Time="110143">DeleteRows Finale\Routes_Reduced</Process><Process ToolSource="c:\program files\arcgis\pro\Resources\ArcToolbox\toolboxes\Data Management Tools.tbx\DeleteRows" Date="20240627" Time="110152">DeleteRows Finale\Routes_Reduced</Process><Process ToolSource="c:\program files\arcgis\pro\Resources\ArcToolbox\toolboxes\Data Management Tools.tbx\DeleteRows" Date="20240627" Time="110205">DeleteRows Finale\Routes_Reduced</Process><Process ToolSource="c:\program files\arcgis\pro\Resources\ArcToolbox\toolboxes\Data Management Tools.tbx\DeleteRows" Date="20240627" Time="110209">DeleteRows Finale\Routes_Reduced</Process><Process ToolSource="c:\program files\arcgis\pro\Resources\ArcToolbox\toolboxes\Data Management Tools.tbx\DeleteRows" Date="20240627" Time="110214">DeleteRows Finale\Routes_Reduced</Process><Process ToolSource="c:\program files\arcgis\pro\Resources\ArcToolbox\toolboxes\Data Management Tools.tbx\DeleteRows" Date="20240627" Time="110240">DeleteRows Finale\Routes_Reduced</Process><Process ToolSource="c:\program files\arcgis\pro\Resources\ArcToolbox\toolboxes\Data Management Tools.tbx\DeleteRows" Date="20240627" Time="110342">DeleteRows Finale\Routes_Reduced</Process><Process ToolSource="c:\program files\arcgis\pro\Resources\ArcToolbox\toolboxes\Data Management Tools.tbx\DeleteRows" Date="20240627" Time="110354">DeleteRows Finale\Routes_Reduced</Process><Process ToolSource="c:\program files\arcgis\pro\Resources\ArcToolbox\toolboxes\Data Management Tools.tbx\DeleteRows" Date="20240627" Time="110419">DeleteRows Finale\Routes_Reduced</Process><Process ToolSource="c:\program files\arcgis\pro\Resources\ArcToolbox\toolboxes\Data Management Tools.tbx\DeleteRows" Date="20240627" Time="110429">DeleteRows Finale\Routes_Reduced</Process><Process ToolSource="c:\program files\arcgis\pro\Resources\ArcToolbox\toolboxes\Data Management Tools.tbx\DeleteRows" Date="20240627" Time="110453">DeleteRows Finale\Routes_Reduced</Process><Process ToolSource="c:\program files\arcgis\pro\Resources\ArcToolbox\toolboxes\Data Management Tools.tbx\DeleteRows" Date="20240627" Time="110501">DeleteRows Finale\Routes_Reduced</Process><Process ToolSource="c:\program files\arcgis\pro\Resources\ArcToolbox\toolboxes\Data Management Tools.tbx\DeleteRows" Date="20240627" Time="112157">DeleteRows Finale\Routes_Reduced</Process><Process ToolSource="c:\program files\arcgis\pro\Resources\ArcToolbox\toolboxes\Data Management Tools.tbx\DeleteRows" Date="20240627" Time="112222">DeleteRows Finale\Routes_Reduced</Process><Process ToolSource="c:\program files\arcgis\pro\Resources\ArcToolbox\toolboxes\Data Management Tools.tbx\DeleteRows" Date="20240627" Time="112237">DeleteRows Finale\Routes_Reduced</Process><Process ToolSource="c:\program files\arcgis\pro\Resources\ArcToolbox\toolboxes\Data Management Tools.tbx\DeleteRows" Date="20240627" Time="112248">DeleteRows Finale\Routes_Reduced</Process><Process ToolSource="c:\program files\arcgis\pro\Resources\ArcToolbox\toolboxes\Data Management Tools.tbx\DeleteRows" Date="20240627" Time="112258">DeleteRows Finale\Routes_Reduced</Process><Process ToolSource="c:\program files\arcgis\pro\Resources\ArcToolbox\toolboxes\Data Management Tools.tbx\DeleteRows" Date="20240627" Time="112304">DeleteRows Finale\Routes_Reduced</Process><Process ToolSource="c:\program files\arcgis\pro\Resources\ArcToolbox\toolboxes\Data Management Tools.tbx\DeleteRows" Date="20240627" Time="112313">DeleteRows Finale\Routes_Reduced</Process><Process ToolSource="c:\program files\arcgis\pro\Resources\ArcToolbox\toolboxes\Data Management Tools.tbx\DeleteRows" Date="20240627" Time="112326">DeleteRows Finale\Routes_Reduced</Process><Process ToolSource="c:\program files\arcgis\pro\Resources\ArcToolbox\toolboxes\Data Management Tools.tbx\DeleteRows" Date="20240627" Time="112346">DeleteRows Finale\Routes_Reduced</Process><Process ToolSource="c:\program files\arcgis\pro\Resources\ArcToolbox\toolboxes\Data Management Tools.tbx\DeleteRows" Date="20240627" Time="112350">DeleteRows Finale\Routes_Reduced</Process><Process ToolSource="c:\program files\arcgis\pro\Resources\ArcToolbox\toolboxes\Data Management Tools.tbx\DeleteRows" Date="20240627" Time="112408">DeleteRows Finale\Routes_Reduced</Process><Process ToolSource="c:\program files\arcgis\pro\Resources\ArcToolbox\toolboxes\Data Management Tools.tbx\DeleteRows" Date="20240627" Time="112419">DeleteRows Finale\Routes_Reduced</Process><Process ToolSource="c:\program files\arcgis\pro\Resources\ArcToolbox\toolboxes\Data Management Tools.tbx\DeleteRows" Date="20240627" Time="112434">DeleteRows Finale\Routes_Reduced</Process><Process ToolSource="c:\program files\arcgis\pro\Resources\ArcToolbox\toolboxes\Data Management Tools.tbx\DeleteRows" Date="20240627" Time="112454">DeleteRows Finale\Routes_Reduced</Process><Process ToolSource="c:\program files\arcgis\pro\Resources\ArcToolbox\toolboxes\Data Management Tools.tbx\DeleteRows" Date="20240627" Time="112458">DeleteRows Finale\Routes_Reduced</Process><Process ToolSource="c:\program files\arcgis\pro\Resources\ArcToolbox\toolboxes\Data Management Tools.tbx\DeleteRows" Date="20240627" Time="112512">DeleteRows Finale\Routes_Reduced</Process><Process ToolSource="c:\program files\arcgis\pro\Resources\ArcToolbox\toolboxes\Data Management Tools.tbx\DeleteRows" Date="20240627" Time="112520">DeleteRows Finale\Routes_Reduced</Process><Process ToolSource="c:\program files\arcgis\pro\Resources\ArcToolbox\toolboxes\Data Management Tools.tbx\DeleteRows" Date="20240627" Time="112527">DeleteRows Finale\Routes_Reduced</Process><Process ToolSource="c:\program files\arcgis\pro\Resources\ArcToolbox\toolboxes\Data Management Tools.tbx\DeleteRows" Date="20240627" Time="112541">DeleteRows Finale\Routes_Reduced</Process><Process ToolSource="c:\program files\arcgis\pro\Resources\ArcToolbox\toolboxes\Data Management Tools.tbx\DeleteRows" Date="20240627" Time="112613">DeleteRows Finale\Routes_Reduced</Process><Process ToolSource="c:\program files\arcgis\pro\Resources\ArcToolbox\toolboxes\Data Management Tools.tbx\DeleteRows" Date="20240627" Time="112631">DeleteRows Finale\Routes_Reduced</Process><Process ToolSource="c:\program files\arcgis\pro\Resources\ArcToolbox\toolboxes\Data Management Tools.tbx\DeleteRows" Date="20240627" Time="112649">DeleteRows Finale\Routes_Reduced</Process><Process ToolSource="c:\program files\arcgis\pro\Resources\ArcToolbox\toolboxes\Data Management Tools.tbx\DeleteRows" Date="20240627" Time="112703">DeleteRows Finale\Routes_Reduced</Process><Process ToolSource="c:\program files\arcgis\pro\Resources\ArcToolbox\toolboxes\Data Management Tools.tbx\DeleteRows" Date="20240627" Time="112720">DeleteRows Finale\Routes_Reduced</Process><Process ToolSource="c:\program files\arcgis\pro\Resources\ArcToolbox\toolboxes\Data Management Tools.tbx\DeleteRows" Date="20240627" Time="112724">DeleteRows Finale\Routes_Reduced</Process><Process ToolSource="c:\program files\arcgis\pro\Resources\ArcToolbox\toolboxes\Data Management Tools.tbx\DeleteRows" Date="20240627" Time="112800">DeleteRows Finale\Routes_Reduced</Process><Process ToolSource="c:\program files\arcgis\pro\Resources\ArcToolbox\toolboxes\Data Management Tools.tbx\DeleteRows" Date="20240627" Time="112823">DeleteRows Finale\Routes_Reduced</Process><Process ToolSource="c:\program files\arcgis\pro\Resources\ArcToolbox\toolboxes\Data Management Tools.tbx\DeleteRows" Date="20240627" Time="112829">DeleteRows Finale\Routes_Reduced</Process><Process ToolSource="c:\program files\arcgis\pro\Resources\ArcToolbox\toolboxes\Data Management Tools.tbx\DeleteRows" Date="20240627" Time="112847">DeleteRows Finale\Routes_Reduced</Process><Process ToolSource="c:\program files\arcgis\pro\Resources\ArcToolbox\toolboxes\Data Management Tools.tbx\DeleteRows" Date="20240627" Time="112858">DeleteRows Finale\Routes_Reduced</Process><Process ToolSource="c:\program files\arcgis\pro\Resources\ArcToolbox\toolboxes\Data Management Tools.tbx\DeleteRows" Date="20240627" Time="112911">DeleteRows Finale\Routes_Reduced</Process><Process ToolSource="c:\program files\arcgis\pro\Resources\ArcToolbox\toolboxes\Data Management Tools.tbx\DeleteRows" Date="20240627" Time="112930">DeleteRows Finale\Routes_Reduced</Process><Process ToolSource="c:\program files\arcgis\pro\Resources\ArcToolbox\toolboxes\Data Management Tools.tbx\DeleteRows" Date="20240627" Time="112942">DeleteRows Finale\Routes_Reduced</Process><Process ToolSource="c:\program files\arcgis\pro\Resources\ArcToolbox\toolboxes\Data Management Tools.tbx\DeleteRows" Date="20240627" Time="112954">DeleteRows Finale\Routes_Reduced</Process><Process ToolSource="c:\program files\arcgis\pro\Resources\ArcToolbox\toolboxes\Data Management Tools.tbx\DeleteRows" Date="20240627" Time="113022">DeleteRows Finale\Routes_Reduced</Process><Process ToolSource="c:\program files\arcgis\pro\Resources\ArcToolbox\toolboxes\Data Management Tools.tbx\Dissolve" Date="20240627" Time="113345">Dissolve Finale\Routes_Reduced D:\BENO_RODRIGUE_Louis_4A\BVS_Energie\BVS_Energie.gdb\Routes_F # # MULTI_PART DISSOLVE_LINES</Process><Process ToolSource="c:\program files\arcgis\pro\Resources\ArcToolbox\toolboxes\Data Management Tools.tbx\Project" Date="20240627" Time="113454">Project Finale\Routes_F D:\BENO_RODRIGUE_Louis_4A\BVS_Energie\BVS_Energie.gdb\Routes_WGS_F PROJCS["WGS_1984_Web_Mercator_Auxiliary_Sphere",GEOGCS["GCS_WGS_1984",DATUM["D_WGS_1984",SPHEROID["WGS_1984",6378137.0,298.257223563]],PRIMEM["Greenwich",0.0],UNIT["Degree",0.0174532925199433]],PROJECTION["Mercator_Auxiliary_Sphere"],PARAMETER["False_Easting",0.0],PARAMETER["False_Northing",0.0],PARAMETER["Central_Meridian",0.0],PARAMETER["Standard_Parallel_1",0.0],PARAMETER["Auxiliary_Sphere_Type",0.0],UNIT["Meter",1.0]] # GEOGCS["GCS_WGS_1984",DATUM["D_WGS_1984",SPHEROID["WGS_1984",6378137.0,298.257223563]],PRIMEM["Greenwich",0.0],UNIT["Degree",0.0174532925199433]] NO_PRESERVE_SHAPE # NO_VERTICAL</Process><Process ToolSource="c:\program files\arcgis\pro\Resources\ArcToolbox\toolboxes\Analysis Tools.tbx\Intersect" Date="20240627" Time="113606">Intersect "Finale\Routes_WGS_F #;Finale\Grille_Beauvais_Reduced #" D:\BENO_RODRIGUE_Louis_4A\BVS_Energie\BVS_Energie.gdb\Routes_WGS_F_Grille "All attributes" # "Same as input"</Process><Process ToolSource="c:\program files\arcgis\pro\Resources\ArcToolbox\toolboxes\Data Management Tools.tbx\DeleteField" Date="20240627" Time="113751">DeleteField Finale\Routes_WGS_F_Grille FID_Routes_WGS_F "Delete Fields"</Process><Process ToolSource="c:\program files\arcgis\pro\Resources\ArcToolbox\toolboxes\Data Management Tools.tbx\DeleteField" Date="20240627" Time="113806">DeleteField Finale\Routes_WGS_F_Grille Residentielles_Surfaces;Residentielles_Toitures;Res_Toitures_Percents;Commerciales_Surfaces;Commerciales_Toitures;Com_Toitures_Percents;Industrielles_Surfaces;Industrielles_Toitures;Ind_Toitures_Percents;Ecoles_Surfaces;Ecoles_Toitures;Ecoles_Toitures_Percents;Toitures_Totale;Surfaces_Totale;Toitures_Totale_Percent;Res_Surfaces_Percents;Ind_Surfaces_Percents;Ecoles_Surfaces_Percents;Surfaces_Totale_Percent;Com_Surfaces_Percents "Delete Fields"</Process><Process ToolSource="c:\program files\arcgis\pro\Resources\ArcToolbox\toolboxes\Data Management Tools.tbx\UpdateSchema" Date="20240627" Time="113859">UpdateSchema "CIMDATA=&lt;CIMStandardDataConnection xsi:type='typens:CIMStandardDataConnection' xmlns:xsi='http://www.w3.org/2001/XMLSchema-instance' xmlns:xs='http://www.w3.org/2001/XMLSchema' xmlns:typens='http://www.esri.com/schemas/ArcGIS/2.9.0'&gt;&lt;WorkspaceConnectionString&gt;DATABASE=D:\BENO_RODRIGUE_Louis_4A\BVS_Energie\BVS_Energie.gdb&lt;/WorkspaceConnectionString&gt;&lt;WorkspaceFactory&gt;FileGDB&lt;/WorkspaceFactory&gt;&lt;Dataset&gt;Routes_WGS_F_Grille&lt;/Dataset&gt;&lt;DatasetType&gt;esriDTFeatureClass&lt;/DatasetType&gt;&lt;/CIMStandardDataConnection&gt;" &lt;operationSequence&gt;&lt;workflow&gt;&lt;AddField&gt;&lt;field_name&gt;Routes&lt;/field_name&gt;&lt;field_type&gt;SHORT&lt;/field_type&gt;&lt;field_alias&gt;Routes&lt;/field_alias&gt;&lt;field_is_nullable&gt;True&lt;/field_is_nullable&gt;&lt;field_is_required&gt;False&lt;/field_is_required&gt;&lt;/AddField&gt;&lt;/workflow&gt;&lt;/operationSequence&gt;</Process><Process ToolSource="c:\program files\arcgis\pro\Resources\ArcToolbox\toolboxes\Data Management Tools.tbx\CalculateField" Date="20240627" Time="113908">CalculateField Finale\Routes_WGS_F_Grille Routes 1 "Python 3" # Text NO_ENFORCE_DOMAINS</Process><Process ToolSource="c:\program files\arcgis\pro\Resources\ArcToolbox\toolboxes\Analysis Tools.tbx\Erase" Date="20240701" Time="101958">Erase Finale\Reduced\Routes_WGS_F_Grille Erase D:\BENO_RODRIGUE_Louis_4A\BVS_Energie\BVS_Energie.gdb\Routes_F_Reduced #</Process><Process ToolSource="c:\program files\arcgis\pro\Resources\ArcToolbox\toolboxes\Data Management Tools.tbx\DeleteRows" Date="20240701" Time="105333">DeleteRows Finale\Reduced\Routes_F_Reduced</Process><Process ToolSource="c:\program files\arcgis\pro\Resources\ArcToolbox\toolboxes\Data Management Tools.tbx\DeleteRows" Date="20240702" Time="140847">DeleteRows Finale\Reduced\Routes_F_Reduced</Process><Process ToolSource="c:\program files\arcgis\pro\Resources\ArcToolbox\toolboxes\Data Management Tools.tbx\DeleteRows" Date="20240702" Time="141042">DeleteRows Finale\Reduced\Routes_F_Reduced</Process><Process ToolSource="c:\program files\arcgis\pro\Resources\ArcToolbox\toolboxes\Data Management Tools.tbx\DeleteRows" Date="20240702" Time="141158">DeleteRows Finale\Reduced\Routes_F_Reduced</Process><Process ToolSource="c:\program files\arcgis\pro\Resources\ArcToolbox\toolboxes\Data Management Tools.tbx\CopyMultiple" Date="20240702" Time="142107">CopyMultiple "D:\BENO_RODRIGUE_Louis_4A\BVS_Energie\BVS_Energie.gdb\Routes_F_Reduced FeatureClass" D:\BENO_RODRIGUE_Louis_4A\BVS_Energie\BVS_Energie_PY.gdb Routes_F_Reduced "Routes_F_Reduced FeatureClass Routes_F_Reduced #"</Process><Process ToolSource="c:\program files\arcgis\pro\Resources\ArcToolbox\toolboxes\Data Management Tools.tbx\CopyFeatures" Date="20240702" Time="161926">CopyFeatures D:\BENO_RODRIGUE_Louis_4A\BVS_Energie\BVS_Energie_PY.gdb\Routes_F_Reduced D:\BENO_RODRIGUE_Louis_4A\Python\BVS_Energie_PY\Routes_F_Reduced.shp # # # #</Process></lineage></DataProperties><SyncDate>20240702</SyncDate><SyncTime>16192200</SyncTime><ModDate>20240702</ModDate><ModTime>16192200</ModTime></Esri><dataIdInfo><envirDesc Sync="TRUE">Microsoft Windows 10 Version 10.0 (Build 19045) ; Esri ArcGIS 12.9.4.32739</envirDesc><dataLang><languageCode value="fra" Sync="TRUE"></languageCode><countryCode value="FRA" Sync="TRUE"></countryCode></dataLang><idCitation><resTitle Sync="TRUE">Routes_F_Reduced</resTitle><presForm><PresFormCd value="005" Sync="TRUE"></PresFormCd></presForm></idCitation><spatRpType><SpatRepTypCd value="001" Sync="TRUE"></SpatRepTypCd></spatRpType></dataIdInfo><mdLang><languageCode value="fra" Sync="TRUE"></languageCode><countryCode value="FRA" Sync="TRUE"></countryCode></mdLang><distInfo><distFormat><formatName Sync="TRUE">Shapefile</formatName></distFormat><distTranOps><transSize Sync="TRUE">0.000</transSize></distTranOps></distInfo><mdHrLv><ScopeCd value="005" Sync="TRUE"></ScopeCd></mdHrLv><mdHrLvName Sync="TRUE">dataset</mdHrLvName><refSysInfo><RefSystem><refSysID><identCode code="3857" Sync="TRUE"></identCode><idCodeSpace Sync="TRUE">EPSG</idCodeSpace><idVersion Sync="TRUE">6.18.3(9.3.1.2)</idVersion></refSysID></RefSystem></refSysInfo><spatRepInfo><VectSpatRep><geometObjs Name="Routes_F_Reduced"><geoObjTyp><GeoObjTypCd value="002" Sync="TRUE"></GeoObjTypCd></geoObjTyp><geoObjCnt Sync="TRUE">0</geoObjCnt></geometObjs><topLvl><TopoLevCd value="001" Sync="TRUE"></TopoLevCd></topLvl></VectSpatRep></spatRepInfo><spdoinfo><ptvctinf><esriterm Name="Routes_F_Reduced"><efeatyp Sync="TRUE">Simple</efeatyp><efeageom code="3" Sync="TRUE"></efeageom><esritopo Sync="TRUE">FALSE</esritopo><efeacnt Sync="TRUE">0</efeacnt><spindex Sync="TRUE">FALSE</spindex><linrefer Sync="TRUE">TRUE</linrefer></esriterm></ptvctinf></spdoinfo><eainfo><detailed Name="Routes_F_Reduced"><enttyp><enttypl Sync="TRUE">Routes_F_Reduced</enttypl><enttypt Sync="TRUE">Feature Class</enttypt><enttypc Sync="TRUE">0</enttypc></enttyp><attr><attrlabl Sync="TRUE">FID</attrlabl><attalias Sync="TRUE">FID</attalias><attrtype Sync="TRUE">OID</attrtype><attwidth Sync="TRUE">4</attwidth><atprecis Sync="TRUE">0</atprecis><attscale Sync="TRUE">0</attscale><attrdef Sync="TRUE">Internal feature number.</attrdef><attrdefs Sync="TRUE">Esri</attrdefs><attrdomv><udom Sync="TRUE">Sequential unique whole numbers that are automatically generated.</udom></attrdomv></attr><attr><attrlabl Sync="TRUE">Shape</attrlabl><attalias Sync="TRUE">Shape</attalias><attrtype Sync="TRUE">Geometry</attrtype><attwidth Sync="TRUE">0</attwidth><atprecis Sync="TRUE">0</atprecis><attscale Sync="TRUE">0</attscale><attrdef Sync="TRUE">Feature geometry.</attrdef><attrdefs Sync="TRUE">Esri</attrdefs><attrdomv><udom Sync="TRUE">Coordinates defining the features.</udom></attrdomv></attr><attr><attrlabl Sync="TRUE">FID_Grille</attrlabl><attalias Sync="TRUE">FID_Grille</attalias><attrtype Sync="TRUE">Integer</attrtype><attwidth Sync="TRUE">10</attwidth><atprecis Sync="TRUE">10</atprecis><attscale Sync="TRUE">0</attscale></attr><attr><attrlabl Sync="TRUE">PageName</attrlabl><attalias Sync="TRUE">PageName</attalias><attrtype Sync="TRUE">String</attrtype><attwidth Sync="TRUE">254</attwidth><atprecis Sync="TRUE">0</atprecis><attscale Sync="TRUE">0</attscale></attr><attr><attrlabl Sync="TRUE">Routes</attrlabl><attalias Sync="TRUE">Routes</attalias><attrtype Sync="TRUE">Integer</attrtype><attwidth Sync="TRUE">5</attwidth><atprecis Sync="TRUE">5</atprecis><attscale Sync="TRUE">0</attscale></attr><attr><attrlabl Sync="TRUE">Shape_Leng</attrlabl><attalias Sync="TRUE">Shape_Leng</attalias><attrtype Sync="TRUE">Double</attrtype><attwidth Sync="TRUE">19</attwidth><atprecis Sync="TRUE">0</atprecis><attscale Sync="TRUE">0</attscale></attr></detailed></eainfo><mdDateSt Sync="TRUE">20240702</mdDateSt></metadata>
